problem,cfl,region,head,seeds,faces,attention_entropy,left_right_asymmetry,upwind_bias,center_mass,far_mass,absolute_center_of_mass,upwind_center_of_mass
burgers_1d,0.4,shock,0,3,1913.0,1.6930968761444092,0.1966649442911148,0.1937283128499984,0.4560817182064056,0.543918251991272,0.3595539927482605,0.3538021743297577
burgers_1d,0.4,shock,1,3,1913.0,1.6259617805480957,0.2229493111371994,0.1783002763986587,0.5265128016471863,0.4734871983528137,0.3165485560894012,0.2478447556495666
burgers_1d,0.4,shock,2,3,1913.0,1.2411596775054932,0.2709221243858337,0.2063460201025009,0.7578350901603699,0.2421649098396301,0.2124126106500625,0.1556089222431183
burgers_1d,0.4,shock,3,3,1913.0,1.3667412996292114,0.2326564490795135,0.1405047625303268,0.6604416966438293,0.3395582735538482,0.2396423369646072,0.229341447353363
burgers_1d,0.4,shock,mean,3,1913.0,1.4696085453033447,0.2536112666130066,0.17227703332901,0.6002178192138672,0.3997822105884552,0.2792418003082275,0.2350252419710159
burgers_1d,0.4,smooth,0,3,61869.0,1.7490602731704712,0.1391426622867584,0.2487239390611648,0.4071209728717804,0.592879056930542,0.2598235011100769,0.4610364139080047
burgers_1d,0.4,smooth,1,3,61869.0,1.694415807723999,0.1371995359659195,0.2322407960891723,0.4911980926990509,0.5088019371032715,0.2459357678890228,0.3370547890663147
burgers_1d,0.4,smooth,2,3,61869.0,1.3701603412628174,0.225246325135231,0.2797982692718506,0.7377870082855225,0.2622129917144775,0.2416929900646209,0.2277116179466247
burgers_1d,0.4,smooth,3,3,61869.0,1.548837184906006,0.1954234838485717,0.1706133782863617,0.6029102206230164,0.3970897495746612,0.2574941217899322,0.2723615765571594
burgers_1d,0.4,smooth,mean,3,61869.0,1.5230817794799805,0.1755470782518386,0.2454405277967453,0.5689332485198975,0.4310667514801025,0.2300366163253784,0.3139652013778686
burgers_1d,0.8,shock,0,3,1913.0,1.6730656623840332,0.2131854891777038,0.2072702348232269,0.4619078934192657,0.5380920767784119,0.3817816376686096,0.3701270222663879
burgers_1d,0.8,shock,1,3,1913.0,1.6092473268508911,0.2880579233169555,0.2399250566959381,0.5163934230804443,0.4836065471172333,0.3709652423858642,0.3147439360618591
burgers_1d,0.8,shock,2,3,1913.0,1.1773966550827026,0.3861136138439178,0.355421632528305,0.7524661421775818,0.2475338727235794,0.3010372519493103,0.2606260776519775
burgers_1d,0.8,shock,3,3,1913.0,1.3257488012313845,0.2993865013122558,0.2037163227796554,0.6477086544036865,0.3522913157939911,0.3002743422985077,0.2932624220848083
burgers_1d,0.8,shock,mean,3,1913.0,1.4360979795455933,0.2969419360160827,0.2513347864151001,0.598592221736908,0.401407778263092,0.3256424069404602,0.2955129444599151
burgers_1d,0.8,smooth,0,3,61869.0,1.7373818159103394,0.1587410569190979,0.2911602258682251,0.4086652100086212,0.5913348197937012,0.2927344143390655,0.4897964000701904
burgers_1d,0.8,smooth,1,3,61869.0,1.6863017082214355,0.1704086065292358,0.3193376064300537,0.4921890199184418,0.5078110098838806,0.2687830030918121,0.4458611905574798
burgers_1d,0.8,smooth,2,3,61869.0,1.3319920301437378,0.3100146055221557,0.4751807749271393,0.7267265915870667,0.2732734084129333,0.3106840550899505,0.4228258430957794
burgers_1d,0.8,smooth,3,3,61869.0,1.5237245559692385,0.2395866215229034,0.3089218139648437,0.5910250544548035,0.4089749455451965,0.3148085474967956,0.3602775931358337
burgers_1d,0.8,smooth,mean,3,61869.0,1.5039695501327517,0.2230583429336547,0.3486500680446625,0.5648115873336792,0.4351884722709656,0.276903361082077,0.4062507450580597
burgers_1d,1.2,shock,0,3,1913.0,1.6535897254943848,0.2459585070610046,0.24127297103405,0.4597931206226349,0.5402069091796875,0.4071152806282043,0.3892546594142914
burgers_1d,1.2,shock,1,3,1913.0,1.5957205295562744,0.3363531529903412,0.2865326106548309,0.4950638115406036,0.504936158657074,0.4343697130680084,0.3853836357593536
burgers_1d,1.2,shock,2,3,1913.0,1.1477437019348145,0.4735922515392303,0.456240713596344,0.7154055237770081,0.2845943868160248,0.4063054025173187,0.3807783126831054
burgers_1d,1.2,shock,3,3,1913.0,1.2936408519744873,0.3615171313285827,0.274995893239975,0.6166090369224548,0.3833909332752228,0.3706856369972229,0.3607285320758819
burgers_1d,1.2,shock,mean,3,1913.0,1.4119586944580078,0.3543552756309509,0.3147605657577514,0.5792334079742432,0.4207665920257568,0.3903957307338714,0.3562295436859131
burgers_1d,1.2,smooth,0,3,61869.0,1.7230991125106812,0.1773681491613388,0.3385015428066253,0.4052711725234985,0.5947288274765015,0.3271827399730682,0.5608828067779541
burgers_1d,1.2,smooth,1,3,61869.0,1.676723837852478,0.1957111358642578,0.3857138454914093,0.4809598326683044,0.5190401673316956,0.2930092811584472,0.5671714544296265
burgers_1d,1.2,smooth,2,3,61869.0,1.3036073446273804,0.3602806627750397,0.5951053500175476,0.6856878399848938,0.3143121898174286,0.3843527436256408,0.6062043905258179
burgers_1d,1.2,smooth,3,3,61869.0,1.4980076551437378,0.2738235294818878,0.3928400576114654,0.5665664672851562,0.4334335029125213,0.3816121220588684,0.4558999538421631
burgers_1d,1.2,smooth,mean,3,61869.0,1.4992327690124512,0.2575973272323608,0.4280402362346649,0.5439082980155945,0.4560917019844055,0.336283415555954,0.5479505658149719
burgers_1d,1.6,shock,0,3,1913.0,1.6318624019622805,0.2797340750694275,0.2747885584831238,0.452633798122406,0.547366201877594,0.4347913861274719,0.4103724062442779
burgers_1d,1.6,shock,1,3,1913.0,1.579415798187256,0.3777509331703186,0.3233561813831329,0.468385100364685,0.5316148996353149,0.5022405385971069,0.455089807510376
burgers_1d,1.6,shock,2,3,1913.0,1.1225919723510742,0.5428354740142822,0.5304397344589233,0.6550904512405396,0.3449095785617828,0.5247501730918884,0.5120959281921387
burgers_1d,1.6,shock,3,3,1913.0,1.2653251886367798,0.416406899690628,0.3276079297065735,0.5771113634109497,0.4228886365890503,0.4467028677463531,0.4301778376102447
burgers_1d,1.6,shock,mean,3,1913.0,1.388250708580017,0.4041818678379059,0.3640480935573578,0.5475961565971375,0.4524038136005401,0.4715326428413391,0.4190516173839569
burgers_1d,1.6,smooth,0,3,61869.0,1.705923080444336,0.1946622729301452,0.3823570013046264,0.4004798829555511,0.5995201468467712,0.3623672723770141,0.6521220207214355
burgers_1d,1.6,smooth,1,3,61869.0,1.6644279956817627,0.2155990898609161,0.4372941553592682,0.4624044597148895,0.5375955104827881,0.3400331735610962,0.6840335726737976
burgers_1d,1.6,smooth,2,3,61869.0,1.2596968412399292,0.3947083652019501,0.6764878034591675,0.6436696648597717,0.3563303351402282,0.4540760517120361,0.8167629837989807
burgers_1d,1.6,smooth,3,3,61869.0,1.4680556058883667,0.3001105487346649,0.4515323936939239,0.542770266532898,0.4572297632694244,0.4416488409042358,0.5589139461517334
burgers_1d,1.6,smooth,mean,3,61869.0,1.4813826084136963,0.2843883633613586,0.4869178533554077,0.5216987133026123,0.4783013164997101,0.3960461616516113,0.6852627396583557
burgers_1d,2.4,shock,0,3,1913.0,1.5889036655426023,0.3404937386512756,0.3346874415874481,0.4339232146739959,0.5660768151283264,0.5212568044662476,0.514500081539154
burgers_1d,2.4,shock,1,3,1913.0,1.5420122146606443,0.4466687142848968,0.372735857963562,0.4181630909442901,0.5818368792533875,0.6425161361694336,0.5814661383628845
burgers_1d,2.4,shock,2,3,1913.0,1.0777902603149414,0.6339374780654907,0.6210916042327881,0.5531497597694397,0.4468501508235931,0.7577800154685974,0.7436520457267761
burgers_1d,2.4,shock,3,3,1913.0,1.2240257263183594,0.4931638836860657,0.3883630931377411,0.5001887679100037,0.4998112618923187,0.6031644940376282,0.5634593367576599
burgers_1d,2.4,shock,mean,3,1913.0,1.3471221923828125,0.4785659611225128,0.429219514131546,0.4827234447002411,0.5172765254974365,0.6307203769683838,0.5615724325180054
burgers_1d,2.4,smooth,0,3,61869.0,1.664484620094299,0.2255017906427383,0.4560030102729797,0.3936108350753784,0.6063891649246216,0.4327505528926849,0.8428611159324646
burgers_1d,2.4,smooth,1,3,61869.0,1.6359578371047974,0.2428528070449829,0.5034768581390381,0.4348955750465393,0.5651044249534607,0.4278489947319031,0.8880614638328552
burgers_1d,2.4,smooth,2,3,61869.0,1.169208526611328,0.4364582300186157,0.7749505639076233,0.5925795435905457,0.4074203670024872,0.620156466960907,1.2593038082122805
burgers_1d,2.4,smooth,3,3,61869.0,1.4040987491607666,0.3346140086650848,0.5231485962867737,0.5124562382698059,0.4875437617301941,0.5700175166130066,0.8302984833717346
burgers_1d,2.4,smooth,mean,3,61869.0,1.4554706811904907,0.3222159147262573,0.5643947720527649,0.4949327111244201,0.5050672888755798,0.5177895426750183,0.9551312923431396
burgers_1d,2.8,shock,0,3,1913.0,1.5680217742919922,0.3668083846569061,0.3604292869567871,0.4244388043880462,0.5755612254142761,0.5760369896888733,0.5690737366676331
burgers_1d,2.8,shock,1,3,1913.0,1.519977331161499,0.4754190444946289,0.3877409100532532,0.3976489007472992,0.6023511290550232,0.7140698432922363,0.6359395980834961
burgers_1d,2.8,shock,2,3,1913.0,1.0448479652404783,0.6575819253921509,0.6417189836502075,0.5121147036552429,0.4878852665424347,0.870324432849884,0.8509019017219543
burgers_1d,2.8,shock,3,3,1913.0,1.2082263231277466,0.513159453868866,0.3977007567882538,0.4661964178085327,0.5338035821914673,0.6785105466842651,0.6226372718811035
burgers_1d,2.8,shock,mean,3,1913.0,1.3249199390411377,0.5032422542572021,0.4468974769115448,0.4551886022090912,0.5448113679885864,0.707395613193512,0.6287065148353577
burgers_1d,2.8,smooth,0,3,61869.0,1.644985914230347,0.2402251958847046,0.4851152598857879,0.3923111855983734,0.6076887845993042,0.4639266431331634,0.9188329577445984
burgers_1d,2.8,smooth,1,3,61869.0,1.6246548891067505,0.2513327896595001,0.5207064151763916,0.4263968467712402,0.5736032128334045,0.4582082033157348,0.9522231221199036
burgers_1d,2.8,smooth,2,3,61869.0,1.1165064573287964,0.4494561851024627,0.8055333495140076,0.578057587146759,0.4219424724578857,0.6944456696510315,1.4037426710128784
burgers_1d,2.8,smooth,3,3,61869.0,1.3763175010681152,0.3450083434581756,0.5482857823371887,0.5044036507606506,0.4955963492393493,0.6112037897109985,0.926421046257019
burgers_1d,2.8,smooth,mean,3,61869.0,1.4235934019088743,0.3356940448284149,0.5899102091789246,0.4873970150947571,0.5126029849052429,0.5618610382080078,1.0503050088882446
