problem,seed,cfl,faces,face_selection,slope,intercept,pearson_r,mean_abs_transport_reach,mean_abs_attention_reach,max_abs_attention_reach,fraction_abs_attention_reach_ge_2_25
burgers_1d,2027,0.4,27670,smooth faces with nonzero mean transport speed,1.2003261778955865,-0.0288789186164982,0.9493416572469184,0.2257937108310374,0.2849873510624555,0.9624834060668944,0.0
burgers_1d,2027,0.8,27670,smooth faces with nonzero mean transport speed,0.877602893532548,-0.0454222089052141,0.971400125132942,0.4515874216620749,0.412115716007661,1.3913969993591309,0.0
burgers_1d,2027,1.2,27670,smooth faces with nonzero mean transport speed,0.7964602911289139,-0.0653994156396068,0.9800699800249127,0.6773811332616718,0.553060067682532,2.0490057468414307,0.0
burgers_1d,2027,1.6,27670,smooth faces with nonzero mean transport speed,0.747009112698655,-0.0840586943574617,0.9833776962043888,0.9031748433241498,0.6900223781857242,2.3141393661499023,3.614022406938923e-05
burgers_1d,2027,2.4,27670,smooth faces with nonzero mean transport speed,0.6909854883542699,-0.1191391330845697,0.9848430226822243,1.3547622665233436,0.9596789636609138,2.471862316131592,0.0022406938923021
burgers_1d,2027,2.8,27670,smooth faces with nonzero mean transport speed,0.6417778380979102,-0.1268624848991982,0.9832807600160696,1.580555977095259,1.054867463370965,2.4849746227264404,0.0027466570292735
burgers_1d,2028,0.4,27670,smooth faces with nonzero mean transport speed,2.0025290726450238,-0.0843990107462183,0.9361643019257948,0.2257937108310374,0.4816048699176328,1.8404828310012815,0.0
burgers_1d,2028,0.8,27670,smooth faces with nonzero mean transport speed,1.2797274815973594,-0.0816291066498499,0.9627602162029644,0.4515874216620749,0.6105859323646732,1.8888801336288448,0.0
burgers_1d,2028,1.2,27670,smooth faces with nonzero mean transport speed,1.07279360315698,-0.0737448342042857,0.979495169138797,0.6773811332616718,0.7577375642185203,2.063762664794922,0.0
burgers_1d,2028,1.6,27670,smooth faces with nonzero mean transport speed,0.950298968582404,-0.0655178257076598,0.9854839134828574,0.9031748433241498,0.8951385925259719,2.2632436752319336,3.614022406938923e-05
burgers_1d,2028,2.4,27670,smooth faces with nonzero mean transport speed,0.8326038925276436,-0.0419409363690881,0.9894174567801728,1.3547622665233436,1.1774930279358635,2.4994447231292725,0.0027466570292735
burgers_1d,2028,2.8,27670,smooth faces with nonzero mean transport speed,0.7663030077329365,-0.035572053561432,0.98626609144265,1.580555977095259,1.280259614468784,2.4999234676361084,0.0078424286230574
burgers_1d,2029,0.4,27670,smooth faces with nonzero mean transport speed,1.3495667825145827,0.0305796935640307,0.9635912768015104,0.2257937108310374,0.316732336918951,1.220600724220276,0.0
burgers_1d,2029,0.8,27670,smooth faces with nonzero mean transport speed,0.8474109001496768,0.010901738452742,0.9734134820023884,0.4515874216620749,0.399338764825753,1.2994235754013062,0.0
burgers_1d,2029,1.2,27670,smooth faces with nonzero mean transport speed,0.7194963869368686,-0.0086471512527663,0.9852762689173464,0.6773811332616718,0.499154276796625,1.5168077945709229,0.0
burgers_1d,2029,1.6,27670,smooth faces with nonzero mean transport speed,0.6491736594586175,-0.0283299462495555,0.9889498804680732,0.9031748433241498,0.5969932637580969,1.669603705406189,0.0
burgers_1d,2029,2.4,27670,smooth faces with nonzero mean transport speed,0.5797119395779676,-0.0647415505517119,0.992621031328514,1.3547622665233436,0.7979867369876276,2.1193504333496094,0.0
burgers_1d,2029,2.8,27670,smooth faces with nonzero mean transport speed,0.5329886608907208,-0.0793554064810056,0.9914370156437022,1.580555977095259,0.8669865143955573,2.1548914909362797,0.0
