problem,intervention,seeds,success_rate_median,success_rate_min,failures_mean,failures_max,median_l2_successful
burgers_1d,cfl_blind,3,0.0078125,0.00390625,252.66666666666666,255,7.524486541748047
burgers_1d,frozen_center,3,0.0,0.0,255.66666666666666,256,inf
burgers_1d,learned,3,0.99609375,0.99609375,0.6666666666666666,1,0.0140090435743331
burgers_1d,uniform,3,0.80859375,0.65234375,56.666666666666664,89,0.7739608883857727
burgers_2d,cfl_blind,3,0.0,0.0,256.0,256,inf
burgers_2d,frozen_center,3,0.0703125,0.015625,236.0,252,3.895888447761536
burgers_2d,learned,3,1.0,0.953125,4.0,12,0.0143613922409713
burgers_2d,uniform,3,0.75390625,0.51171875,72.66666666666667,125,0.0457110404968261
shallow_water_1d,cfl_blind,3,0.0,0.0,256.0,256,inf
shallow_water_1d,frozen_center,3,0.0,0.0,256.0,256,inf
shallow_water_1d,learned,3,0.99609375,0.99609375,0.6666666666666666,1,0.0054640583693981
shallow_water_1d,uniform,3,0.640625,0.44921875,96.0,141,0.1643744707107544
