problem,method,cfl,seeds,success_rate_median,success_rate_min,failures_mean,failures_max,median_l1_successful,median_l2_successful,median_l2_successful_min,median_l2_successful_max,median_linf_successful,sequential_steps,flux_evaluations,timing_samples,mean_conservation_error,wall_clock_seconds,wall_clock_seconds_min,wall_clock_seconds_max,median_realized_cfl,max_realized_cfl,nonpositive_depth_count,median_depth_l2,median_discharge_l2
burgers_1d,ENO-3 + Forward Euler,0.4,1,1.0,1.0,0.0,0,0.005960842827335,0.0177381299436092,0.0177381299436092,0.0177381299436092,0.1334671825170517,84,84,8,3.4677966870913512e-06,0.0619872801471501,0.0619872801471501,0.0619872801471501,0.4000001549720764,0.4708924293518066,0,,
burgers_1d,ENO-3 + Forward Euler,0.8,1,0.78125,0.78125,56.0,56,0.0224736742675304,0.0806641913950443,0.0806641913950443,0.0806641913950443,0.949164479970932,42,42,8,8.245431938185277e-06,0.030996155925095,0.030996155925095,0.030996155925095,1.5691189765930176,328592.59375,0,,
burgers_1d,ENO-3 + Forward Euler,1.2,1,0.00390625,0.00390625,255.0,255,0.0423608720302581,0.1237381920218467,0.1237381920218467,0.1237381920218467,1.3088476657867432,28,28,8,8.372483861762703e-07,0.020684165880084,0.020684165880084,0.020684165880084,1.5224237442016602,1.5224237442016602,0,,
burgers_1d,ENO-3 + Forward Euler,1.6,1,0.0,0.0,256.0,256,inf,inf,inf,inf,inf,21,21,8,inf,0.0155212059617042,0.0155212059617042,0.0155212059617042,inf,inf,0,,
burgers_1d,ENO-3 + Forward Euler,2.4,1,0.0,0.0,256.0,256,inf,inf,inf,inf,inf,14,14,8,inf,0.010369820985943,0.010369820985943,0.010369820985943,inf,inf,0,,
burgers_1d,ENO-3 + Forward Euler,2.8,1,0.0,0.0,256.0,256,inf,inf,inf,inf,inf,12,12,8,inf,0.0088922658469527,0.0088922658469527,0.0088922658469527,inf,inf,0,,
burgers_1d,Godunov + Forward Euler,0.4,1,1.0,1.0,0.0,0,0.0167226307094097,0.0385235138237476,0.0385235138237476,0.0385235138237476,0.2892301380634308,84,84,8,2.8128325783444152e-06,0.0128728698473423,0.0128728698473423,0.0128728698473423,0.4000000059604645,0.4000000357627868,0,,
burgers_1d,Godunov + Forward Euler,0.8,1,1.0,1.0,0.0,0,0.0122239887714385,0.0297993216663599,0.0297993216663599,0.0297993216663599,0.2068034932017326,42,42,8,1.130990225056694e-06,0.0064337600488215,0.0064337600488215,0.0064337600488215,0.800000011920929,0.8000000715255737,0,,
burgers_1d,Godunov + Forward Euler,1.2,1,0.6640625,0.6640625,86.0,86,0.0118323597125709,0.0314813796430826,0.0314813796430826,0.0314813796430826,0.2071238458156585,28,28,8,1.6992485061863213e-05,0.004359409911558,0.004359409911558,0.004359409911558,1.2211360335350037,264422.9375,0,,
burgers_1d,Godunov + Forward Euler,1.6,1,0.0078125,0.0078125,254.0,254,0.0589870437979698,0.174563217908144,0.174563217908144,0.174563217908144,1.3230036199092865,21,21,8,1.391702575403997e-07,0.0032750719692558,0.0032750719692558,0.0032750719692558,2.2696162462234497,2.87386417388916,0,,
burgers_1d,Godunov + Forward Euler,2.4,1,0.0,0.0,256.0,256,inf,inf,inf,inf,inf,14,14,8,inf,0.002205919008702,0.002205919008702,0.002205919008702,inf,inf,0,,
burgers_1d,Godunov + Forward Euler,2.8,1,0.0,0.0,256.0,256,inf,inf,inf,inf,inf,12,12,8,inf,0.001900483155623,0.001900483155623,0.001900483155623,inf,inf,0,,
burgers_1d,CFL-conditioned attention,0.4,3,1.0,1.0,0.0,0,0.0083612441085278,0.0247829277068376,0.0213843584060668,0.0265470454469323,0.2535775899887085,84,84,8,1.8415061076582084e-06,0.05351073294878,0.0530791070777922,0.0949936539400368,0.4167772084474563,0.5142053365707397,0,,
burgers_1d,CFL-conditioned attention,0.8,3,1.0,1.0,0.0,0,0.0060497384984046,0.0144997569732368,0.0137339681386947,0.0151327699422836,0.1127861440181732,42,42,8,1.3098879057746315e-06,0.0269636318553239,0.0269245819654315,0.0299498159438371,0.8382551670074463,2.4638919830322266,0,,
burgers_1d,CFL-conditioned attention,1.2,3,0.99609375,0.99609375,0.6666666666666666,1,0.005275887902826,0.0129074184224009,0.0118481470271945,0.0149997435510158,0.1058205962181091,28,28,8,1.0263923038537903e-06,0.0180104468017816,0.0179031679872423,0.0180183730553835,1.2462153434753418,4.145270824432373,0,,
burgers_1d,CFL-conditioned attention,1.6,3,0.99609375,0.99609375,0.6666666666666666,1,0.0060747531242668,0.0140090435743331,0.0139687592163681,0.0170339867472648,0.105888195335865,21,21,8,8.538751656310379e-07,0.0137359041254967,0.0134347539860755,0.0148106899578124,1.6843198537826538,26.89297866821289,0,,
burgers_1d,CFL-conditioned attention,2.4,3,0.44921875,0.41015625,141.66666666666666,151,0.1677715182304382,0.755840003490448,0.4817164540290832,1.886757254600525,7.11868143081665,14,14,8,0.0021934249510358,0.0091298529878258,0.0090501909144222,0.0091654499992728,14.13010311126709,2037738.75,0,,
burgers_1d,CFL-conditioned attention,2.8,3,0.1015625,0.07421875,230.0,237,3.8411372750997534,19.959380626678467,7.760464191436768,1486.8404541015625,150.63883256912231,12,12,8,0.0030786098603703,0.0078144930303096,0.0077731139026582,0.0078407430555671,205.3119125366211,1670534.625,0,,
burgers_1d,WENO-5 + Forward Euler,0.4,1,1.0,1.0,0.0,0,0.0080543146468698,0.0235261907801032,0.0235261907801032,0.0235261907801032,0.1546794772148132,84,84,8,1.5501383081005515e-06,0.074053815100342,0.074053815100342,0.074053815100342,0.4017959535121918,0.5945019721984863,0,,
burgers_1d,WENO-5 + Forward Euler,0.8,1,0.984375,0.984375,4.0,4,0.0185216953977942,0.0516075976192951,0.0516075976192951,0.0516075976192951,0.3440548181533813,42,42,8,9.973541779216005e-05,0.0369055490009486,0.0369055490009486,0.0369055490009486,0.9318751692771912,52458.58203125,0,,
burgers_1d,WENO-5 + Forward Euler,1.2,1,0.7109375,0.7109375,74.0,74,0.0428611002862453,0.1175011172890663,0.1175011172890663,0.1175011172890663,0.8131774663925171,28,28,8,9.992683318301023e-05,0.0244174459949135,0.0244174459949135,0.0244174459949135,2.220981240272522,74554.3359375,0,,
burgers_1d,WENO-5 + Forward Euler,1.6,1,0.046875,0.046875,244.0,244,0.1675750315189361,1.1410882472991943,1.1410882472991943,1.1410882472991943,14.043734073638916,21,21,8,9.795435315607116e-05,0.0185943548567593,0.0185943548567593,0.0185943548567593,18.65132093429565,1562977.25,0,,
burgers_1d,WENO-5 + Forward Euler,2.4,1,0.00390625,0.00390625,255.0,255,184.8662109375,1424.494384765625,1424.494384765625,1424.494384765625,12306.20703125,14,14,8,0.0002422163231443,0.01230090088211,0.01230090088211,0.01230090088211,24688.19921875,24688.19921875,0,,
burgers_1d,WENO-5 + Forward Euler,2.8,1,0.0,0.0,256.0,256,inf,inf,inf,inf,inf,12,12,8,inf,0.0105272480286657,0.0105272480286657,0.0105272480286657,inf,inf,0,,
burgers_1d,WENO-5 + SSP-RK3,0.4,1,1.0,1.0,0.0,0,0.0043208317365497,0.0121653266251087,0.0121653266251087,0.0121653266251087,0.1163960322737693,84,252,8,0.0001337056081739,0.2222805439960211,0.2222805439960211,0.2222805439960211,0.4000637233257293,0.4339049160480499,0,,
burgers_1d,WENO-5 + SSP-RK3,0.8,1,1.0,1.0,0.0,0,0.0042316345497965,0.0120779438875615,0.0120779438875615,0.0120779438875615,0.1127950213849544,42,126,8,6.817764830479092e-05,0.1119213339406997,0.1119213339406997,0.1119213339406997,0.8405865132808685,0.9356197118759156,0,,
burgers_1d,WENO-5 + SSP-RK3,1.2,1,1.0,1.0,0.0,0,0.005325258243829,0.016815660521388,0.016815660521388,0.016815660521388,0.1790535151958465,28,84,8,4.6177598713389306e-05,0.0745589837897569,0.0745589837897569,0.0745589837897569,1.5508588552474976,1.7592965364456177,0,,
burgers_1d,WENO-5 + SSP-RK3,1.6,1,1.0,1.0,0.0,0,0.0078512467443943,0.0282741971313953,0.0282741971313953,0.0282741971313953,0.2856452167034149,21,63,8,3.412980383217176e-05,0.0558767348993569,0.0558767348993569,0.0558767348993569,2.286865830421448,3.0377514362335205,0,,
burgers_1d,WENO-5 + SSP-RK3,2.4,1,0.125,0.125,224.0,224,0.0191773669794201,0.0598509404808282,0.0598509404808282,0.0598509404808282,0.5086280107498169,14,42,8,2.2614617362581857e-05,0.0372263859026134,0.0372263859026134,0.0372263859026134,4.842991590499878,16.209684371948242,0,,
burgers_1d,WENO-5 + SSP-RK3,2.8,1,0.03515625,0.03515625,247.0,247,0.0154401240870356,0.0637134239077568,0.0637134239077568,0.0637134239077568,0.6245655417442322,12,36,8,0.0002281439355872,0.0317953489720821,0.0317953489720821,0.0317953489720821,5.268764019012451,14504.046875,0,,
burgers_2d,CFL-conditioned attention,0.4,3,1.0,1.0,0.0,0,0.005474803270772,0.021400261670351,0.0176622364670038,0.0218999171629548,0.5599655210971832,84,84,8,6.873827161475721e-06,5.443030840950087,5.407824635040015,5.448683257214725,0.4898460656404495,0.6396285891532898,0,,
burgers_2d,CFL-conditioned attention,0.8,3,1.0,1.0,0.0,0,0.0036289226263761,0.014004910364747,0.0137638933956623,0.0158116770908236,0.3849812299013138,42,42,8,4.777786363534264e-06,2.718363432912156,2.716564015019685,2.739845632808283,0.9254078567028046,1.1435596942901611,0,,
burgers_2d,CFL-conditioned attention,1.2,3,1.0,1.0,0.0,0,0.0034675089409574,0.012759534176439,0.0120857236906886,0.0140801495872437,0.3387292027473449,28,28,8,3.911452187421727e-06,1.8144506809767336,1.8123658981639887,1.8268391769379375,1.3380232453346252,1.606167197227478,0,,
burgers_2d,CFL-conditioned attention,1.6,3,1.0,0.953125,4.0,12,0.003874726826325,0.0143613922409713,0.0137598440051078,0.0151081872172653,0.4503725469112396,21,21,8,5.114965855292086e-06,1.3649019850417972,1.359608442988247,1.37142737605609,1.81284499168396,1093869.25,0,,
burgers_2d,CFL-conditioned attention,2.4,3,0.1328125,0.125,220.66666666666666,224,0.0105799646116793,0.0426928047090768,0.0293029882013797,0.1228287108242511,1.8443695306777956,14,14,8,0.0020122610922486,0.911240782123059,0.9079107870347798,0.9148821311537176,6.551732063293457,1852982.125,0,,
burgers_2d,CFL-conditioned attention,2.8,3,0.03515625,0.03515625,245.0,247,0.056522749364376,1.2593940496444702,0.0194819048047065,13.251654624938965,52.53959274291992,12,12,8,0.0021810623771858,0.7812936238478869,0.7785749009344727,0.7842914171051234,219.4876251220703,936117.125,0,,
burgers_2d,WENO-5 + Forward Euler,0.4,1,1.0,1.0,0.0,0,0.0022130711004137,0.0151311219669878,0.0151311219669878,0.0151311219669878,0.6767059862613678,84,84,8,6.087518246461476e-06,0.1451221310999244,0.1451221310999244,0.1451221310999244,0.4006307125091553,0.4438346922397613,0,,
burgers_2d,WENO-5 + Forward Euler,0.8,1,1.0,1.0,0.0,0,0.0034354589879512,0.0205036457628011,0.0205036457628011,0.0205036457628011,0.7204366326332092,42,42,8,4.362986886351228e-06,0.0731878778897225,0.0731878778897225,0.0731878778897225,0.9005596339702606,1.8229377269744875,0,,
burgers_2d,WENO-5 + Forward Euler,1.2,1,0.04296875,0.04296875,245.0,245,0.0037624181713908,0.0212051570415496,0.0212051570415496,0.0212051570415496,0.7309713959693909,28,28,8,5.029450797813049e-06,0.0485109181609004,0.0485109181609004,0.0485109181609004,1.6856423616409302,44.3642807006836,0,,
burgers_2d,WENO-5 + Forward Euler,1.6,1,0.00390625,0.00390625,255.0,255,0.0031963740475475,0.0143455723300576,0.0143455723300576,0.0143455723300576,0.5714950561523438,21,21,8,1.2177767203525036e-06,0.0364801220130175,0.0364801220130175,0.0364801220130175,1.8174446821212769,1.8174446821212769,0,,
burgers_2d,WENO-5 + Forward Euler,2.4,1,0.0,0.0,256.0,256,inf,inf,inf,inf,inf,14,14,8,inf,0.0245485450141131,0.0245485450141131,0.0245485450141131,inf,inf,0,,
burgers_2d,WENO-5 + Forward Euler,2.8,1,0.0,0.0,256.0,256,inf,inf,inf,inf,inf,12,12,8,inf,0.0209791038651019,0.0209791038651019,0.0209791038651019,inf,inf,0,,
burgers_2d,WENO-5 + SSP-RK3,0.4,1,1.0,1.0,0.0,0,0.0018600466428324,0.01330042257905,0.01330042257905,0.01330042257905,0.6507927179336548,84,252,8,0.0011725615104619,0.4442519170697778,0.4442519170697778,0.4442519170697778,0.4001265317201614,0.4144691824913025,0,,
burgers_2d,WENO-5 + SSP-RK3,0.8,1,1.0,1.0,0.0,0,0.0018447959446348,0.0133396801538765,0.0133396801538765,0.0133396801538765,0.6604295074939728,42,126,8,0.0005887433738317,0.2251432158518582,0.2251432158518582,0.2251432158518582,0.801224559545517,0.8589802384376526,0,,
burgers_2d,WENO-5 + SSP-RK3,1.2,1,1.0,1.0,0.0,0,0.0019397041760385,0.0135237835347652,0.0135237835347652,0.0135237835347652,0.6406610012054443,28,84,8,0.0003920721709764,0.1463398300111293,0.1463398300111293,0.1463398300111293,1.438511312007904,1.6116478443145752,0,,
burgers_2d,WENO-5 + SSP-RK3,1.6,1,0.140625,0.140625,220.0,220,0.0016390905948355,0.0125127388164401,0.0125127388164401,0.0125127388164401,0.5252492427825928,21,63,8,0.0002968469427821,0.109942520968616,0.109942520968616,0.109942520968616,1.9192318320274355,14.593412399291992,0,,
burgers_2d,WENO-5 + SSP-RK3,2.4,1,0.00390625,0.00390625,255.0,255,0.0026070207823067,0.0139758167788386,0.0139758167788386,0.0139758167788386,0.4723840057849884,14,42,8,0.0003795745469687,0.0734821429941803,0.0734821429941803,0.0734821429941803,2.646589994430542,2.646589994430542,0,,
burgers_2d,WENO-5 + SSP-RK3,2.8,1,0.0,0.0,256.0,256,inf,inf,inf,inf,inf,12,36,8,inf,0.0627281819470226,0.0627281819470226,0.0627281819470226,inf,inf,0,,
shallow_water_1d,HLL + Forward Euler,0.4,1,1.0,1.0,0.0,0,0.014773525763303,0.0275717237964272,0.0275717237964272,0.0275717237964272,0.1636265888810157,84,84,8,,0.0366378929466009,0.0366378929466009,0.0366378929466009,0.4000347852706909,0.4820391535758972,0,0.0270669804885983,0.0283661540597677
shallow_water_1d,HLL + Forward Euler,0.8,1,1.0,1.0,0.0,0,0.0105094509199261,0.0205537714064121,0.0205537714064121,0.0205537714064121,0.1324404701590538,42,42,8,,0.0163434010464698,0.0163434010464698,0.0163434010464698,0.8017870187759399,0.9644415378570556,0,0.0203446466475725,0.020917760208249
shallow_water_1d,HLL + Forward Euler,1.2,1,0.00390625,0.00390625,255.0,255,0.0064687868580222,0.0183489173650741,0.0183489173650741,0.0183489173650741,0.192890465259552,28,28,8,,0.0109821700025349,0.0109821700025349,0.0109821700025349,1.2000000476837158,1.2000000476837158,1,0.0191104356199502,0.0175543967634439
shallow_water_1d,HLL + Forward Euler,1.6,1,0.0,0.0,256.0,256,inf,inf,inf,inf,inf,21,21,8,,0.0082446499727666,0.0082446499727666,0.0082446499727666,inf,inf,0,,
shallow_water_1d,HLL + Forward Euler,2.4,1,0.0,0.0,256.0,256,inf,inf,inf,inf,inf,14,14,8,,0.0055523291230201,0.0055523291230201,0.0055523291230201,inf,inf,0,,
shallow_water_1d,HLL + Forward Euler,2.8,1,0.0,0.0,256.0,256,inf,inf,inf,inf,inf,12,12,8,,0.0047457790933549,0.0047457790933549,0.0047457790933549,inf,inf,0,,
shallow_water_1d,CFL-conditioned attention,0.4,3,0.96875,0.890625,13.0,28,0.0054949279874563,0.011946820653975,0.0089374319650232,0.0122281331568956,0.1065643727779388,84,84,8,,0.0862251960206776,0.0836328791920095,0.1403707689605653,0.4106882214546203,0.7601656913757324,2,0.0119281886145472,0.0113661410287022
shallow_water_1d,CFL-conditioned attention,0.8,3,0.984375,0.97265625,4.333333333333333,7,0.0034837101120501,0.0062662651762366,0.0059960789512842,0.0072626420296728,0.0414261221885681,42,42,8,,0.0436908740084618,0.0389102958142757,0.0446391920559108,0.8178113698959351,10.208785057067873,3,0.00638372823596,0.0061221430078148
shallow_water_1d,CFL-conditioned attention,1.2,3,0.99609375,0.99609375,1.0,1,0.0025294036604464,0.0050729922950267,0.0050648255273699,0.0051086000166833,0.036673367023468,28,28,8,,0.0296978389378637,0.026221317006275,0.0322904370259493,1.2181804180145264,1.5879265069961548,0,0.0052620456553995,0.0049269529990851
shallow_water_1d,CFL-conditioned attention,1.6,3,0.99609375,0.99609375,0.6666666666666666,1,0.0027409871108829,0.0054640583693981,0.0052266533020883,0.0055233407765626,0.0361106991767883,21,21,8,,0.0208641339559108,0.0196879059076309,0.0227108199615031,1.6276761293411257,2.0856499671936035,0,0.0053003914654254,0.0054068081080913
shallow_water_1d,CFL-conditioned attention,2.4,3,0.00390625,0.0,254.33333333333334,256,0.0293690282851457,0.1034723967313766,0.0262081548571586,inf,0.7718188166618347,14,14,8,,0.0139564028941094,0.0132080859038978,0.0238926911260932,2.9626532793045044,inf,10,0.0670314328745007,0.0621248865500092
shallow_water_1d,CFL-conditioned attention,2.8,3,0.0,0.0,256.0,256,inf,inf,inf,inf,inf,12,12,8,,0.0113706279080361,0.0113071100786328,0.0206138929352164,inf,inf,0,,
shallow_water_1d,WENO-5 + Forward Euler,0.4,1,1.0,1.0,0.0,0,0.0127134127542376,0.0248021921142935,0.0248021921142935,0.0248021921142935,0.1550944447517395,84,84,8,,0.1947900638915598,0.1947900638915598,0.1947900638915598,0.424073725938797,0.6640262007713318,0,0.0220411643385887,0.0269955908879637
shallow_water_1d,WENO-5 + Forward Euler,0.8,1,0.33984375,0.33984375,169.0,169,0.0874287337064743,0.1765914857387542,0.1765914857387542,0.1765914857387542,1.3953406810760498,42,42,8,,0.0829859320074319,0.0829859320074319,0.0829859320074319,1.2563596963882446,16.303525924682617,32,0.1536645591259002,0.1983733028173446
shallow_water_1d,WENO-5 + Forward Euler,1.2,1,0.0,0.0,256.0,256,inf,inf,inf,inf,inf,28,28,8,,0.0555448909290134,0.0555448909290134,0.0555448909290134,inf,inf,0,,
shallow_water_1d,WENO-5 + Forward Euler,1.6,1,0.0,0.0,256.0,256,inf,inf,inf,inf,inf,21,21,8,,0.0415769619867205,0.0415769619867205,0.0415769619867205,inf,inf,0,,
shallow_water_1d,WENO-5 + Forward Euler,2.4,1,0.0,0.0,256.0,256,inf,inf,inf,inf,inf,14,14,8,,0.0278944079764187,0.0278944079764187,0.0278944079764187,inf,inf,0,,
shallow_water_1d,WENO-5 + Forward Euler,2.8,1,0.0,0.0,256.0,256,inf,inf,inf,inf,inf,12,12,8,,0.0239446768537163,0.0239446768537163,0.0239446768537163,inf,inf,0,,
shallow_water_1d,WENO-5 + SSP-RK3,0.4,1,1.0,1.0,0.0,0,0.0044322684407234,0.010882182046771,0.010882182046771,0.010882182046771,0.0818337053060531,84,252,8,,0.4976906680967659,0.4976906680967659,0.4976906680967659,0.4032808840274811,0.4852629005908966,0,0.0105120209045708,0.0110065462067723
shallow_water_1d,WENO-5 + SSP-RK3,0.8,1,1.0,1.0,0.0,0,0.0042936205863952,0.0106876851059496,0.0106876851059496,0.0106876851059496,0.0814799219369888,42,126,8,,0.2489353290293365,0.2489353290293365,0.2489353290293365,0.8196060955524445,0.9930473566055298,0,0.0103601934388279,0.0107885831966996
shallow_water_1d,WENO-5 + SSP-RK3,1.2,1,1.0,1.0,0.0,0,0.0052762068808078,0.0139889498241245,0.0139889498241245,0.0139889498241245,0.1190839037299156,28,84,8,,0.1657140331808477,0.1657140331808477,0.1657140331808477,1.2686671614646912,1.5936139822006226,0,0.0132400733418762,0.014664776623249
shallow_water_1d,WENO-5 + SSP-RK3,1.6,1,0.78125,0.78125,56.0,56,0.0084516028873622,0.0202936111018061,0.0202936111018061,0.0202936111018061,0.1573637872934341,21,63,8,,0.1245758750010281,0.1245758750010281,0.1245758750010281,1.7619431018829346,11.308870315551758,2,0.0190906347706913,0.0208970997482538
shallow_water_1d,WENO-5 + SSP-RK3,2.4,1,0.0,0.0,256.0,256,inf,inf,inf,inf,inf,14,42,8,,0.0838132379576563,0.0838132379576563,0.0838132379576563,inf,inf,0,,
shallow_water_1d,WENO-5 + SSP-RK3,2.8,1,0.0,0.0,256.0,256,inf,inf,inf,inf,inf,12,36,8,,0.0714930288959294,0.0714930288959294,0.0714930288959294,inf,inf,0,,
