problem,variant,seed,method,cfl,samples,successes,failures,success_rate,sequential_steps,flux_evaluations,timing_samples,median_l1_successful,median_l2_successful,median_linf_successful,mean_conservation_error,wall_clock_seconds,median_realized_cfl,max_realized_cfl,nonpositive_depth_count,median_depth_l2,median_discharge_l2
burgers_1d,cfl_blind,2027,Retrained ablation: CFL-blind,0.4,256,256,0,1.0,84,84,8,0.0161453075706958,0.0376452654600143,0.3105127215385437,1.8830503526884312e-06,0.0983887929469347,0.4083723872900009,0.5217922925949097,0,,
burgers_1d,cfl_blind,2027,Retrained ablation: CFL-blind,0.8,256,255,1,0.99609375,42,42,8,0.0125737283378839,0.0292716585099697,0.2411443889141082,1.2997169793400902e-06,0.0275586971547454,0.8469083905220032,1.4408265352249146,0,,
burgers_1d,cfl_blind,2027,Retrained ablation: CFL-blind,1.2,256,247,9,0.96484375,28,28,8,0.0134524842724204,0.0329276919364929,0.2785420417785644,1.0558942744931071e-06,0.0182429109700024,1.3854159116744995,224.1446533203125,0,,
burgers_1d,cfl_blind,2027,Retrained ablation: CFL-blind,1.6,256,206,50,0.8046875,21,21,8,0.052353149279952,0.2084747850894928,1.9387048482894895,3.152573803885106e-05,0.0149275970179587,3.601710796356201,102512.40625,0,,
burgers_1d,cfl_blind,2027,Retrained ablation: CFL-blind,2.4,256,6,250,0.0234375,14,14,8,0.1329923961311578,0.6451949179172516,7.776256680488586,0.0002555538117476,0.0096895350143313,11.564456462860107,14147.609375,0,,
burgers_1d,cfl_blind,2027,Retrained ablation: CFL-blind,2.8,256,2,254,0.0078125,12,12,8,24.48998462036252,128.9847750365734,1258.6696511507034,4.542798270890103e-05,0.0079872319474816,1790.1323947906494,3574.5380859375,0,,
burgers_1d,cfl_blind,2028,Retrained ablation: CFL-blind,0.4,256,256,0,1.0,84,84,8,0.0136039890348911,0.0322786010801792,0.2721975594758987,1.627747019714021e-06,0.0562619210686534,0.4159427285194397,0.5813493728637695,0,,
burgers_1d,cfl_blind,2028,Retrained ablation: CFL-blind,0.8,256,254,2,0.9921875,42,42,8,0.0112588861957192,0.027984419837594,0.2313674986362457,1.2849275097924134e-06,0.0283714421093463,0.8516415059566498,1.0776598453521729,0,,
burgers_1d,cfl_blind,2028,Retrained ablation: CFL-blind,1.2,256,246,10,0.9609375,28,28,8,0.0134727316908538,0.0350454729050397,0.316287100315094,1.0396668581440126e-06,0.018962858011946,1.3451111316680908,30.318737030029297,0,,
burgers_1d,cfl_blind,2028,Retrained ablation: CFL-blind,1.6,256,207,49,0.80859375,21,21,8,0.0491151288151741,0.1975024342536926,2.0688438415527344,0.0006213461947768,0.014336337102577,3.633513927459717,1117804.875,0,,
burgers_1d,cfl_blind,2028,Retrained ablation: CFL-blind,2.4,256,15,241,0.05859375,14,14,8,3.694664001464844,23.35909843444824,244.04237365722656,0.0003992833110594,0.0097854279447346,326.61309814453125,100034.2578125,0,,
burgers_1d,cfl_blind,2028,Retrained ablation: CFL-blind,2.8,256,3,253,0.01171875,12,12,8,17.561798095703125,108.8434066772461,1149.5291748046875,0.0001004533056037,0.0082481950521469,1870.318603515625,42679.08203125,0,,
burgers_1d,cfl_blind,2029,Retrained ablation: CFL-blind,0.4,256,256,0,1.0,84,84,8,0.0159668391570448,0.0370209608227014,0.2969725131988525,1.8653692962847248e-06,0.0550924211274832,0.4075393378734588,0.4492987692356109,0,,
burgers_1d,cfl_blind,2029,Retrained ablation: CFL-blind,0.8,256,255,1,0.99609375,42,42,8,0.0126538779586553,0.0286370534449815,0.2280920147895813,1.2285978215789096e-06,0.027742096921429,0.8470534086227417,3.789628744125366,0,,
burgers_1d,cfl_blind,2029,Retrained ablation: CFL-blind,1.2,256,252,4,0.984375,28,28,8,0.0118114692158997,0.0279208635911345,0.2084847688674926,9.9952158916404e-07,0.0186504640150815,1.368647575378418,11.817727088928224,0,,
burgers_1d,cfl_blind,2029,Retrained ablation: CFL-blind,1.6,256,236,20,0.921875,21,21,8,0.031746607273817,0.1168453209102153,1.0127383470535278,1.7653132893137885e-05,0.013968373183161,2.816054940223694,662136.4375,0,,
burgers_1d,cfl_blind,2029,Retrained ablation: CFL-blind,2.4,256,38,218,0.1484375,14,14,8,0.7998152673244476,4.6533249616622925,46.09591865539551,0.0023459316985341,0.0093958990182727,51.01407623291016,1442728.625,0,,
burgers_1d,cfl_blind,2029,Retrained ablation: CFL-blind,2.8,256,15,241,0.05859375,12,12,8,2.5419957637786865,10.568991661071776,115.92497253417967,0.0003269657858377,0.0080350779462605,138.0664825439453,130644.5625,0,,
burgers_1d,uniform,2027,Retrained ablation: uniform attention,0.4,256,256,0,1.0,84,84,8,0.021174338646233,0.0619305912405252,0.7001369893550873,1.7731749809915542e-06,0.0537962599191814,0.4292583614587784,0.4810376465320587,0,,
burgers_1d,uniform,2027,Retrained ablation: uniform attention,0.8,256,256,0,1.0,42,42,8,0.011223264504224,0.0295826140791177,0.2569418549537658,1.3579389348331028e-06,0.0272311600856482,0.8385733664035797,6.824506759643555,0,,
burgers_1d,uniform,2027,Retrained ablation: uniform attention,1.2,256,255,1,0.99609375,28,28,8,0.0093969330191612,0.0238297190517187,0.1998757123947143,1.1026584709811106e-06,0.0182482900563627,1.259191870689392,1.6435402631759644,0,,
burgers_1d,uniform,2027,Retrained ablation: uniform attention,1.6,256,255,1,0.99609375,21,21,8,0.0210030265152454,0.054903756827116,0.436111569404602,8.639597709944548e-07,0.0138039449229836,1.9127280712127688,5.578529357910156,0,,
burgers_1d,uniform,2027,Retrained ablation: uniform attention,2.4,256,228,28,0.890625,14,14,8,0.099810604006052,0.2733886688947677,1.7528275847434998,0.0005202240223116,0.0092472149990499,4.188196420669556,1742435.125,0,,
burgers_1d,uniform,2027,Retrained ablation: uniform attention,2.8,256,229,27,0.89453125,12,12,8,0.1416850537061691,0.3612927496433258,2.3629722595214844,0.0003433846406111,0.0080781080760061,5.798021793365479,2586921.0,0,,
burgers_1d,uniform,2028,Retrained ablation: uniform attention,0.4,256,256,0,1.0,84,84,8,0.0199287021532654,0.0585566908121109,0.6435625851154327,1.9414333680828344e-06,0.0555790970101952,0.4290235191583633,0.4797091484069824,0,,
burgers_1d,uniform,2028,Retrained ablation: uniform attention,0.8,256,256,0,1.0,42,42,8,0.0104592340067029,0.0273386500775814,0.239810824394226,1.3490954540069933e-06,0.0269239698536694,0.8399431109428406,1.1692020893096924,0,,
burgers_1d,uniform,2028,Retrained ablation: uniform attention,1.2,256,255,1,0.99609375,28,28,8,0.0098355496302247,0.0269775278866291,0.2216633558273315,1.0977218777014184e-06,0.0179816030431538,1.276277780532837,1.6471443176269531,0,,
burgers_1d,uniform,2028,Retrained ablation: uniform attention,1.6,256,255,1,0.99609375,21,21,8,0.0211852006614208,0.0573147423565387,0.4493399858474731,9.230124119311284e-07,0.0136647238396108,1.924691915512085,12.224532127380373,0,,
burgers_1d,uniform,2028,Retrained ablation: uniform attention,2.4,256,145,111,0.56640625,14,14,8,0.0951942801475524,0.2585946023464203,1.6087934970855713,0.000818381047834,0.0091252329293638,4.450301170349121,2036467.75,0,,
burgers_1d,uniform,2028,Retrained ablation: uniform attention,2.8,256,130,126,0.5078125,12,12,8,0.1259229034185409,0.3204487115144729,2.0229490995407104,0.0007258269459684,0.0077640460804104,5.824952363967896,1509510.125,0,,
burgers_1d,uniform,2029,Retrained ablation: uniform attention,0.4,256,256,0,1.0,84,84,8,0.0173216955736279,0.0487685725092887,0.5087580978870392,1.9724753913263893e-06,0.0950366188772022,0.4328725039958954,1.5977405309677124,0,,
burgers_1d,uniform,2029,Retrained ablation: uniform attention,0.8,256,255,1,0.99609375,42,42,8,0.0113582573831081,0.029367683455348,0.2493121027946472,1.2785450086641068e-06,0.0477479011751711,0.8425976634025574,0.9746730923652648,0,,
burgers_1d,uniform,2029,Retrained ablation: uniform attention,1.2,256,255,1,0.99609375,28,28,8,0.0094523392617702,0.0249363351613283,0.2086820304393768,9.902764501745764e-07,0.0322060929611325,1.2735345363616943,1.956896185874939,0,,
burgers_1d,uniform,2029,Retrained ablation: uniform attention,1.6,256,255,1,0.99609375,21,21,8,0.0205476284027099,0.0536358170211315,0.4430580139160156,8.588894877058081e-07,0.0135583570227026,1.892560362815857,4.423364639282227,0,,
burgers_1d,uniform,2029,Retrained ablation: uniform attention,2.4,256,183,73,0.71484375,14,14,8,0.0969766080379486,0.2756088972091675,1.8307446241378784,0.0005267972145176,0.0091534750536084,5.106934547424316,1803710.25,0,,
burgers_1d,uniform,2029,Retrained ablation: uniform attention,2.8,256,157,99,0.61328125,12,12,8,0.1279489248991012,0.3049436509609222,1.993560552597046,0.0004325838018246,0.0078986398875713,6.452267646789551,1491611.25,0,,
