problem,variant,method,cfl,seeds,success_rate_median,success_rate_min,failures_mean,failures_max,median_l1_successful,median_l2_successful,median_linf_successful,sequential_steps,flux_evaluations,timing_samples,mean_conservation_error,wall_clock_seconds,median_realized_cfl,max_realized_cfl,nonpositive_depth_count,median_depth_l2,median_discharge_l2
burgers_1d,cfl_blind,Retrained ablation: CFL-blind,0.4,3,1.0,1.0,0.0,0,0.0159668391570448,0.0370209608227014,0.2969725131988525,84,84,8,1.8653692962847248e-06,0.0562619210686534,0.4083723872900009,0.5813493728637695,0,,
burgers_1d,cfl_blind,Retrained ablation: CFL-blind,0.8,3,0.99609375,0.9921875,1.3333333333333333,2,0.0125737283378839,0.0286370534449815,0.2313674986362457,42,42,8,1.2849275097924134e-06,0.027742096921429,0.8470534086227417,3.789628744125366,0,,
burgers_1d,cfl_blind,Retrained ablation: CFL-blind,1.2,3,0.96484375,0.9609375,7.666666666666667,10,0.0134524842724204,0.0329276919364929,0.2785420417785644,28,28,8,1.0396668581440126e-06,0.0186504640150815,1.368647575378418,224.1446533203125,0,,
burgers_1d,cfl_blind,Retrained ablation: CFL-blind,1.6,3,0.80859375,0.8046875,39.666666666666664,50,0.0491151288151741,0.1975024342536926,1.9387048482894895,21,21,8,3.152573803885106e-05,0.014336337102577,3.601710796356201,1117804.875,0,,
burgers_1d,cfl_blind,Retrained ablation: CFL-blind,2.4,3,0.05859375,0.0234375,236.33333333333334,250,0.7998152673244476,4.6533249616622925,46.09591865539551,14,14,8,0.0003992833110594,0.0096895350143313,51.01407623291016,1442728.625,0,,
burgers_1d,cfl_blind,Retrained ablation: CFL-blind,2.8,3,0.01171875,0.0078125,249.33333333333334,254,17.561798095703125,108.8434066772461,1149.5291748046875,12,12,8,0.0001004533056037,0.0080350779462605,1790.1323947906494,130644.5625,0,,
burgers_1d,uniform,Retrained ablation: uniform attention,0.4,3,1.0,1.0,0.0,0,0.0199287021532654,0.0585566908121109,0.6435625851154327,84,84,8,1.9414333680828344e-06,0.0555790970101952,0.4292583614587784,1.5977405309677124,0,,
burgers_1d,uniform,Retrained ablation: uniform attention,0.8,3,1.0,0.99609375,0.3333333333333333,1,0.011223264504224,0.029367683455348,0.2493121027946472,42,42,8,1.3490954540069933e-06,0.0272311600856482,0.8399431109428406,6.824506759643555,0,,
burgers_1d,uniform,Retrained ablation: uniform attention,1.2,3,0.99609375,0.99609375,1.0,1,0.0094523392617702,0.0249363351613283,0.2086820304393768,28,28,8,1.0977218777014184e-06,0.0182482900563627,1.2735345363616943,1.956896185874939,0,,
burgers_1d,uniform,Retrained ablation: uniform attention,1.6,3,0.99609375,0.99609375,1.0,1,0.0210030265152454,0.054903756827116,0.4430580139160156,21,21,8,8.639597709944548e-07,0.0136647238396108,1.9127280712127688,12.224532127380373,0,,
burgers_1d,uniform,Retrained ablation: uniform attention,2.4,3,0.71484375,0.56640625,70.66666666666667,111,0.0969766080379486,0.2733886688947677,1.7528275847434998,14,14,8,0.0005267972145176,0.0091534750536084,4.450301170349121,2036467.75,0,,
burgers_1d,uniform,Retrained ablation: uniform attention,2.8,3,0.61328125,0.5078125,84.0,126,0.1279489248991012,0.3204487115144729,2.0229490995407104,12,12,8,0.0004325838018246,0.0078986398875713,5.824952363967896,2586921.0,0,,
