case,grid_size,cfl,horizon_multiplier,seeds,success_rate_median,success_rate_min,median_l2_successful,median_l2_successful_min,median_l2_successful_max,mean_conservation_error
in_distribution_top_hats,128,0.4,1,3,1.0,1.0,0.028198261745274,0.0276257265359163,0.030080396682024,1.3187527656555176e-06
in_distribution_top_hats,128,0.4,2,3,1.0,1.0,0.0348869152367115,0.033012943342328,0.0402609556913375,2.2351741790771484e-06
in_distribution_top_hats,128,1.6,1,3,1.0,1.0,0.0230637863278388,0.0210500815883278,0.0244530756026506,1.3783574104309082e-06
in_distribution_top_hats,128,1.6,2,3,1.0,1.0,0.0205034790560603,0.0203853389248251,0.0239384034648537,1.1920928955078125e-06
in_distribution_top_hats,256,0.4,1,3,1.0,1.0,0.0294192973524332,0.0276724426075816,0.031037675216794,3.6954879760742183e-06
in_distribution_top_hats,256,0.4,2,3,1.0,1.0,0.0439514219760894,0.0393833294510841,0.045117761939764,3.75509262084961e-06
in_distribution_top_hats,256,1.6,1,3,1.0,1.0,0.0148442424833774,0.0139182996936142,0.0173882972449064,1.96695327758789e-06
in_distribution_top_hats,256,1.6,2,3,1.0,1.0,0.0144883706234395,0.0141180367209017,0.0198665726929903,2.264976501464844e-06
in_distribution_top_hats,512,0.4,1,3,1.0,1.0,0.035835076123476,0.0347504839301109,0.0391781441867351,4.142522811889648e-06
in_distribution_top_hats,512,0.4,2,3,1.0,1.0,0.0544764548540115,0.0492207240313291,0.0545658655464649,6.67572021484375e-06
in_distribution_top_hats,512,1.6,1,3,1.0,1.0,0.0121791437268257,0.010608619544655,0.0146848652511835,5.066394805908203e-06
in_distribution_top_hats,512,1.6,2,3,1.0,1.0,0.0132531938143074,0.0131760346703231,0.0180964292958378,4.291534423828125e-06
narrow_top_hats,128,0.4,1,3,1.0,1.0,0.0230000801384449,0.0222476329654455,0.0316244028508663,4.76837158203125e-07
narrow_top_hats,128,0.4,2,3,1.0,1.0,0.0233447384089231,0.0226620528846979,0.0262692375108599,5.62518835067749e-07
narrow_top_hats,128,1.6,1,3,1.0,1.0,0.0210035135969519,0.0192045597359538,0.0221054656431078,3.278255462646485e-07
narrow_top_hats,128,1.6,2,3,1.0,1.0,0.019119226373732,0.0185277862474322,0.0216301186010241,4.246830940246582e-07
narrow_top_hats,256,0.4,1,3,1.0,1.0,0.0177689921110868,0.0173875987529754,0.0202221758663654,7.897615432739258e-07
narrow_top_hats,256,0.4,2,3,1.0,1.0,0.0217328667640686,0.0179857648909091,0.0220576096326112,1.2069940567016602e-06
narrow_top_hats,256,1.6,1,3,1.0,1.0,0.0143146109767258,0.0136331925168633,0.0169700803235173,5.811452865600586e-07
narrow_top_hats,256,1.6,2,3,1.0,1.0,0.0134646627120673,0.0126237832009792,0.0206423038616776,7.82310962677002e-07
narrow_top_hats,512,0.4,1,3,1.0,1.0,0.023058459162712,0.0225710310041904,0.0238859131932258,2.175569534301758e-06
narrow_top_hats,512,0.4,2,3,1.0,1.0,0.0261250110343098,0.0260837338864803,0.0267879217863082,2.205371856689453e-06
narrow_top_hats,512,1.6,1,3,1.0,1.0,0.0094154644757509,0.0090407198294997,0.0153482025489211,7.152557373046875e-07
narrow_top_hats,512,1.6,2,3,1.0,1.0,0.0128324241377413,0.0085047925822436,0.0211270963773131,1.430511474609375e-06
single_top_hat,128,0.4,1,3,1.0,1.0,0.007576874224469,0.0071404429618269,0.0094061768613755,3.278255462646485e-07
single_top_hat,128,0.4,2,3,1.0,1.0,0.0113873658701777,0.0097475331276655,0.0118204369209706,4.76837158203125e-07
single_top_hat,128,1.6,1,3,1.0,1.0,0.0142762162722647,0.0130443633534014,0.0150162419304251,2.980232238769531e-07
single_top_hat,128,1.6,2,3,1.0,1.0,0.0142018478363752,0.0124396407045423,0.0145569406449794,4.470348358154297e-07
single_top_hat,256,0.4,1,3,1.0,1.0,0.0092603154480457,0.0084984234999865,0.009992878884077,1.0728836059570312e-06
single_top_hat,256,0.4,2,3,1.0,1.0,0.0134300142526626,0.0118060959503054,0.0153193632140755,1.1920928955078125e-06
single_top_hat,256,1.6,1,3,1.0,1.0,0.009965197648853,0.0086084990762174,0.0105472765862941,5.364418029785156e-07
single_top_hat,256,1.6,2,3,1.0,0.9375,0.0107526401989161,0.0088284998200833,0.0118365669623017,5.960464477539062e-07
single_top_hat,512,0.4,1,3,1.0,1.0,0.0136114084161818,0.0119197191670537,0.0137797067873179,1.5497207641601562e-06
single_top_hat,512,0.4,2,3,1.0,1.0,0.0193443931639194,0.0163358612917363,0.0205656001344323,2.384185791015625e-06
single_top_hat,512,1.6,1,3,1.0,0.875,0.009684719145298,0.0062076062895357,0.009908054023981,1.9073486328125e-06
single_top_hat,512,1.6,2,3,0.9375,0.8125,0.0107159540057182,0.0070477495901286,0.0145855043083429,1.7606295072115386e-06
smooth_sine_pre_shock,128,0.4,1,3,1.0,1.0,0.0030405276920646,0.0022678400855511,0.0030476010870188,0.0
smooth_sine_pre_shock,128,0.4,2,3,1.0,1.0,0.0063804457895457,0.0047073112800717,0.0063921827822923,0.0
smooth_sine_pre_shock,128,1.6,1,3,1.0,1.0,0.0013902968494221,0.0011031666072085,0.0015348978340625,0.0
smooth_sine_pre_shock,128,1.6,2,3,1.0,1.0,0.0030276649631559,0.0020809860434383,0.0034631197340786,0.0
smooth_sine_pre_shock,256,0.4,1,3,1.0,1.0,0.0030298538040369,0.0022185302805155,0.0030369388405233,0.0
smooth_sine_pre_shock,256,0.4,2,3,1.0,1.0,0.0064069512300193,0.0046536214649677,0.0064081000164151,0.0
smooth_sine_pre_shock,256,1.6,1,3,1.0,1.0,0.0009665415855124,0.0008065812289714,0.0010053605074062,0.0
smooth_sine_pre_shock,256,1.6,2,3,1.0,1.0,0.0022034652065485,0.001627285266295,0.0023491634055972,0.0
smooth_sine_pre_shock,512,0.4,1,3,1.0,1.0,0.0030232854187488,0.0022047623060643,0.0030313092283904,0.0
smooth_sine_pre_shock,512,0.4,2,3,1.0,1.0,0.0064303176477551,0.0046667787246406,0.0064386269077658,0.0
smooth_sine_pre_shock,512,1.6,1,3,1.0,1.0,0.0008182835881598,0.0007416299195028,0.000830904697068,0.0
smooth_sine_pre_shock,512,1.6,2,3,1.0,1.0,0.0018300131196156,0.0015088211512193,0.0018334672786295,0.0
