seed,case,grid_size,cfl,horizon_multiplier,samples,success_rate,median_l1_successful,median_l2_successful,median_linf_successful,mean_conservation_error
2027,in_distribution_top_hats,128,0.4,1,16,1.0,0.0145617495290935,0.030080396682024,0.1646296381950378,2.361834049224853e-06
2027,in_distribution_top_hats,128,0.4,2,16,1.0,0.0149304973892867,0.033012943342328,0.2571366280317306,2.2351741790771484e-06
2027,in_distribution_top_hats,128,1.6,1,16,1.0,0.0107908672653138,0.0210500815883278,0.0877383351325988,6.631016731262207e-07
2027,in_distribution_top_hats,128,1.6,2,16,1.0,0.0095311305485665,0.0203853389248251,0.1279928088188171,1.6093254089355469e-06
2027,in_distribution_top_hats,256,0.4,1,16,1.0,0.0102840941399335,0.0276724426075816,0.2465524673461914,3.3974647521972656e-06
2027,in_distribution_top_hats,256,0.4,2,16,1.0,0.0121307247318327,0.0393833294510841,0.4442467093467712,2.6226043701171875e-06
2027,in_distribution_top_hats,256,1.6,1,16,1.0,0.0068315744865685,0.0139182996936142,0.0947094112634658,1.132488250732422e-06
2027,in_distribution_top_hats,256,1.6,2,16,1.0,0.0064019679557532,0.0141180367209017,0.162255547940731,2.5033950805664062e-06
2027,in_distribution_top_hats,512,0.4,1,16,1.0,0.0083124949596822,0.0347504839301109,0.5019825100898743,2.6226043701171875e-06
2027,in_distribution_top_hats,512,0.4,2,16,1.0,0.010837722569704,0.0492207240313291,0.8292274475097656,6.318092346191406e-06
2027,in_distribution_top_hats,512,1.6,1,16,1.0,0.0038067518034949,0.010608619544655,0.1248142905533313,5.632638931274414e-06
2027,in_distribution_top_hats,512,1.6,2,16,1.0,0.0035764351487159,0.0132531938143074,0.199228748679161,4.887580871582031e-06
2027,narrow_top_hats,128,0.4,1,16,1.0,0.0099384188652038,0.0230000801384449,0.1162358000874519,5.662441253662109e-07
2027,narrow_top_hats,128,0.4,2,16,1.0,0.0103044952265918,0.0233447384089231,0.128908485174179,5.62518835067749e-07
2027,narrow_top_hats,128,1.6,1,16,1.0,0.0083863157778978,0.0192045597359538,0.0938240513205528,3.278255462646485e-07
2027,narrow_top_hats,128,1.6,2,16,1.0,0.0086920228786766,0.019119226373732,0.1216172911226749,4.246830940246582e-07
2027,narrow_top_hats,256,0.4,1,16,1.0,0.0070238013286143,0.0202221758663654,0.1460435092449188,7.748603820800781e-07
2027,narrow_top_hats,256,0.4,2,16,1.0,0.0071149682626128,0.0217328667640686,0.243234746158123,6.109476089477539e-07
2027,narrow_top_hats,256,1.6,1,16,1.0,0.0048381616361439,0.0136331925168633,0.1028157621622085,9.238719940185548e-07
2027,narrow_top_hats,256,1.6,2,16,1.0,0.004327330738306,0.0126237832009792,0.1226739920675754,7.82310962677002e-07
2027,narrow_top_hats,512,0.4,1,16,1.0,0.0056451258715242,0.0238859131932258,0.3336260914802551,2.175569534301758e-06
2027,narrow_top_hats,512,0.4,2,16,1.0,0.0063025867566466,0.0261250110343098,0.413530170917511,2.205371856689453e-06
2027,narrow_top_hats,512,1.6,1,16,1.0,0.002918668789789,0.0090407198294997,0.1183632761240005,7.152557373046875e-07
2027,narrow_top_hats,512,1.6,2,16,1.0,0.0025397823192179,0.0085047925822436,0.1255313158035278,1.430511474609375e-06
2027,single_top_hat,128,0.4,1,16,1.0,0.0028743825387209,0.007576874224469,0.0471916962414979,2.980232238769531e-07
2027,single_top_hat,128,0.4,2,16,1.0,0.0038667547050863,0.0113873658701777,0.09974867105484,4.172325134277344e-07
2027,single_top_hat,128,1.6,1,16,1.0,0.0055340861435979,0.0142762162722647,0.0790047645568847,5.364418029785156e-07
2027,single_top_hat,128,1.6,2,16,1.0,0.0060128918848931,0.0145569406449794,0.0944388210773468,4.470348358154297e-07
2027,single_top_hat,256,0.4,1,16,1.0,0.002281081280671,0.009992878884077,0.1314816027879715,1.6093254089355469e-06
2027,single_top_hat,256,0.4,2,16,1.0,0.0028569455025717,0.0153193632140755,0.2089140117168426,8.940696716308594e-07
2027,single_top_hat,256,1.6,1,16,1.0,0.0034180516377091,0.009965197648853,0.083772275596857,4.76837158203125e-07
2027,single_top_hat,256,1.6,2,16,1.0,0.0033891219645738,0.0107526401989161,0.1152428388595581,5.960464477539062e-07
2027,single_top_hat,512,0.4,1,16,1.0,0.0018491758964955,0.0137797067873179,0.2937785387039184,1.3113021850585938e-06
2027,single_top_hat,512,0.4,2,16,1.0,0.0030030338093638,0.0205656001344323,0.4111260026693344,2.7418136596679688e-06
2027,single_top_hat,512,1.6,1,16,1.0,0.0020848416024819,0.009684719145298,0.1659977957606315,1.9073486328125e-06
2027,single_top_hat,512,1.6,2,16,0.9375,0.0021201337222009,0.0107159540057182,0.1941159516572952,1.1444091796875e-06
2027,smooth_sine_pre_shock,128,0.4,1,1,1.0,0.0025288364849984,0.0030405276920646,0.0072349309921264,0.0
2027,smooth_sine_pre_shock,128,0.4,2,1,1.0,0.0050987238064408,0.0063804457895457,0.0155423879623413,0.0
2027,smooth_sine_pre_shock,128,1.6,1,1,1.0,0.0008221184834837,0.0011031666072085,0.003519058227539,7.62939453125e-06
2027,smooth_sine_pre_shock,128,1.6,2,1,1.0,0.0015706312842667,0.0020809860434383,0.0064606666564941,0.0
2027,smooth_sine_pre_shock,256,0.4,1,1,1.0,0.0025494939181953,0.0030369388405233,0.0064841508865356,0.0
2027,smooth_sine_pre_shock,256,0.4,2,1,1.0,0.0050925659015774,0.0064069512300193,0.0159575939178466,0.0
2027,smooth_sine_pre_shock,256,1.6,1,1,1.0,0.0006005219183862,0.0008065812289714,0.0021790862083435,0.0
2027,smooth_sine_pre_shock,256,1.6,2,1,1.0,0.0011905650608241,0.001627285266295,0.0047181844711303,0.0
2027,smooth_sine_pre_shock,512,0.4,1,1,1.0,0.0025424198247492,0.0030313092283904,0.0063133239746093,0.0
2027,smooth_sine_pre_shock,512,0.4,2,1,1.0,0.0050975172780454,0.0064303176477551,0.0160597562789917,0.0
2027,smooth_sine_pre_shock,512,1.6,1,1,1.0,0.0005601664306595,0.0007416299195028,0.0016983747482299,0.0
2027,smooth_sine_pre_shock,512,1.6,2,1,1.0,0.0011009437730535,0.0015088211512193,0.0039450526237487,0.0
2028,in_distribution_top_hats,128,0.4,1,16,1.0,0.013876564335078,0.0276257265359163,0.1362910717725753,1.2069940567016602e-06
2028,in_distribution_top_hats,128,0.4,2,16,1.0,0.0153328799642622,0.0348869152367115,0.2734524309635162,1.2814998626708984e-06
2028,in_distribution_top_hats,128,1.6,1,16,1.0,0.011144452728331,0.0230637863278388,0.1015079617500305,1.475214958190918e-06
2028,in_distribution_top_hats,128,1.6,2,16,1.0,0.0106478482484817,0.0205034790560603,0.1184017956256866,1.1920928955078125e-06
2028,in_distribution_top_hats,256,0.4,1,16,1.0,0.0108343572355806,0.031037675216794,0.3041662126779556,3.75509262084961e-06
2028,in_distribution_top_hats,256,0.4,2,16,1.0,0.0133287743665277,0.0439514219760894,0.5479661822319031,3.75509262084961e-06
2028,in_distribution_top_hats,256,1.6,1,16,1.0,0.00693522952497,0.0148442424833774,0.1124477311968803,1.96695327758789e-06
2028,in_distribution_top_hats,256,1.6,2,16,1.0,0.0062622716650366,0.0144883706234395,0.1602314114570617,1.6093254089355469e-06
2028,in_distribution_top_hats,512,0.4,1,16,1.0,0.0097235809080302,0.0391781441867351,0.6320560872554779,4.142522811889648e-06
2028,in_distribution_top_hats,512,0.4,2,16,1.0,0.0131707447580993,0.0545658655464649,0.9422494173049928,7.748603820800781e-06
2028,in_distribution_top_hats,512,1.6,1,16,1.0,0.0040667422581464,0.0121791437268257,0.131093643605709,3.516674041748047e-06
2028,in_distribution_top_hats,512,1.6,2,16,1.0,0.0041780308820307,0.0131760346703231,0.2105545699596405,3.993511199951172e-06
2028,narrow_top_hats,128,0.4,1,16,1.0,0.0101569844409823,0.0222476329654455,0.1098276078701019,4.76837158203125e-07
2028,narrow_top_hats,128,0.4,2,16,1.0,0.0104027171619236,0.0226620528846979,0.1248673945665359,6.034970283508301e-07
2028,narrow_top_hats,128,1.6,1,16,1.0,0.0086446534842252,0.0210035135969519,0.1210274323821067,4.6193599700927734e-07
2028,narrow_top_hats,128,1.6,2,16,1.0,0.0076628997921943,0.0185277862474322,0.114379197359085,5.140900611877441e-07
2028,narrow_top_hats,256,0.4,1,16,1.0,0.0063972091302275,0.0173875987529754,0.1219362020492553,7.897615432739258e-07
2028,narrow_top_hats,256,0.4,2,16,1.0,0.0071807929780334,0.0220576096326112,0.2041098549962043,1.2069940567016602e-06
2028,narrow_top_hats,256,1.6,1,16,1.0,0.0054764971137046,0.0143146109767258,0.1291239857673645,4.3958425521850586e-07
2028,narrow_top_hats,256,1.6,2,16,1.0,0.0043781329877674,0.0134646627120673,0.1246542036533355,7.82310962677002e-07
2028,narrow_top_hats,512,0.4,1,16,1.0,0.0058423629961907,0.0225710310041904,0.3368085920810699,2.592802047729492e-06
2028,narrow_top_hats,512,0.4,2,16,1.0,0.0064869076013565,0.0267879217863082,0.4319830238819122,2.562999725341797e-06
2028,narrow_top_hats,512,1.6,1,16,1.0,0.00271724734921,0.0094154644757509,0.1142316944897174,1.0728836059570312e-06
2028,narrow_top_hats,512,1.6,2,16,1.0,0.0026683121686801,0.0128324241377413,0.1875656247138977,1.1622905731201172e-06
2028,single_top_hat,128,0.4,1,16,1.0,0.0025547845289111,0.0071404429618269,0.050721613690257,3.278255462646485e-07
2028,single_top_hat,128,0.4,2,16,1.0,0.0037742317654192,0.0118204369209706,0.0906606130301952,4.76837158203125e-07
2028,single_top_hat,128,1.6,1,16,1.0,0.0050947868730872,0.0130443633534014,0.0610990524291992,2.980232238769531e-07
2028,single_top_hat,128,1.6,2,16,1.0,0.005488222464919,0.0124396407045423,0.0771446637809276,7.748603820800781e-07
2028,single_top_hat,256,0.4,1,16,1.0,0.0023497799411416,0.0092603154480457,0.1299147866666317,1.0728836059570312e-06
2028,single_top_hat,256,0.4,2,16,1.0,0.0028958653565496,0.0134300142526626,0.1925287321209907,1.5497207641601562e-06
2028,single_top_hat,256,1.6,1,16,1.0,0.0027400064282119,0.0086084990762174,0.0627897344529628,5.364418029785156e-07
2028,single_top_hat,256,1.6,2,16,1.0,0.0028022710466757,0.0088284998200833,0.0982342213392257,8.940696716308594e-07
2028,single_top_hat,512,0.4,1,16,1.0,0.0018304996192455,0.0119197191670537,0.2604471445083618,1.5497207641601562e-06
2028,single_top_hat,512,0.4,2,16,1.0,0.0029214249225333,0.0193443931639194,0.3938797265291214,2.264976501464844e-06
2028,single_top_hat,512,1.6,1,16,1.0,0.0015302309766411,0.0062076062895357,0.0905515551567077,2.026557922363281e-06
2028,single_top_hat,512,1.6,2,16,0.9375,0.0015072179958224,0.0070477495901286,0.121684730052948,3.3060709635416668e-06
2028,smooth_sine_pre_shock,128,0.4,1,1,1.0,0.0018989969976246,0.0022678400855511,0.0054534673690795,0.0
2028,smooth_sine_pre_shock,128,0.4,2,1,1.0,0.0038248552009463,0.0047073112800717,0.0108373761177062,0.0
2028,smooth_sine_pre_shock,128,1.6,1,1,1.0,0.0010198871605098,0.0013902968494221,0.004848301410675,0.0
2028,smooth_sine_pre_shock,128,1.6,2,1,1.0,0.0020097084343433,0.0030276649631559,0.0112473368644714,0.0
2028,smooth_sine_pre_shock,256,0.4,1,1,1.0,0.0018731388263404,0.0022185302805155,0.0047509670257568,0.0
2028,smooth_sine_pre_shock,256,0.4,2,1,1.0,0.0037421609740704,0.0046536214649677,0.0113263726234436,0.0
2028,smooth_sine_pre_shock,256,1.6,1,1,1.0,0.0007320006843656,0.0009665415855124,0.0032521486282348,0.0
2028,smooth_sine_pre_shock,256,1.6,2,1,1.0,0.0014851961750537,0.0022034652065485,0.0084896683692932,0.0
2028,smooth_sine_pre_shock,512,0.4,1,1,1.0,0.0018572155386209,0.0022047623060643,0.0046040415763854,0.0
2028,smooth_sine_pre_shock,512,0.4,2,1,1.0,0.0037257024087011,0.0046667787246406,0.0114414691925048,0.0
2028,smooth_sine_pre_shock,512,1.6,1,1,1.0,0.0006589415716007,0.000830904697068,0.0024052858352661,0.0
2028,smooth_sine_pre_shock,512,1.6,2,1,1.0,0.0013018911704421,0.0018300131196156,0.0062911510467529,0.0
2029,in_distribution_top_hats,128,0.4,1,16,1.0,0.0144987143576145,0.028198261745274,0.1175915710628032,1.3187527656555176e-06
2029,in_distribution_top_hats,128,0.4,2,16,1.0,0.0152961132116615,0.0402609556913375,0.3021750748157501,2.3245811462402344e-06
2029,in_distribution_top_hats,128,1.6,1,16,1.0,0.0131833073683083,0.0244530756026506,0.1046478450298309,1.3783574104309082e-06
2029,in_distribution_top_hats,128,1.6,2,16,1.0,0.0131677011959254,0.0239384034648537,0.1159126758575439,1.1026859283447266e-06
2029,in_distribution_top_hats,256,0.4,1,16,1.0,0.0113949384540319,0.0294192973524332,0.2629568129777908,3.6954879760742183e-06
2029,in_distribution_top_hats,256,0.4,2,16,1.0,0.0132431271485984,0.045117761939764,0.5170762538909912,4.231929779052734e-06
2029,in_distribution_top_hats,256,1.6,1,16,1.0,0.0081302872858941,0.0173882972449064,0.1122953593730926,2.384185791015625e-06
2029,in_distribution_top_hats,256,1.6,2,16,1.0,0.0083196680061519,0.0198665726929903,0.1947525963187217,2.264976501464844e-06
2029,in_distribution_top_hats,512,0.4,1,16,1.0,0.00878570927307,0.035835076123476,0.600961834192276,5.751848220825195e-06
2029,in_distribution_top_hats,512,0.4,2,16,1.0,0.0125796450302004,0.0544764548540115,0.8812523484230042,6.67572021484375e-06
2029,in_distribution_top_hats,512,1.6,1,16,1.0,0.0051799553912132,0.0146848652511835,0.203623354434967,5.066394805908203e-06
2029,in_distribution_top_hats,512,1.6,2,16,1.0,0.0051551708020269,0.0180964292958378,0.23604716360569,4.291534423828125e-06
2029,narrow_top_hats,128,0.4,1,16,1.0,0.0135637340135872,0.0316244028508663,0.1733300983905792,3.725290298461914e-07
2029,narrow_top_hats,128,0.4,2,16,1.0,0.012950646225363,0.0262692375108599,0.1602295637130737,3.315508365631104e-07
2029,narrow_top_hats,128,1.6,1,16,1.0,0.0107138291932642,0.0221054656431078,0.1023605465888977,3.129243850708008e-07
2029,narrow_top_hats,128,1.6,2,16,1.0,0.0108547233976423,0.0216301186010241,0.1218304708600044,2.458691596984864e-07
2029,narrow_top_hats,256,0.4,1,16,1.0,0.0069362628273665,0.0177689921110868,0.117605909705162,9.611248970031738e-07
2029,narrow_top_hats,256,0.4,2,16,1.0,0.0067448730114847,0.0179857648909091,0.1962760984897613,1.2218952178955078e-06
2029,narrow_top_hats,256,1.6,1,16,1.0,0.0067562395706772,0.0169700803235173,0.1387777030467987,5.811452865600586e-07
2029,narrow_top_hats,256,1.6,2,16,1.0,0.0069021256640553,0.0206423038616776,0.2225198224186897,6.48200511932373e-07
2029,narrow_top_hats,512,0.4,1,16,1.0,0.0056855645962059,0.023058459162712,0.3248210102319717,1.7583370208740234e-06
2029,narrow_top_hats,512,0.4,2,16,1.0,0.0062850816175341,0.0260837338864803,0.4260984659194946,1.4603137969970703e-06
2029,narrow_top_hats,512,1.6,1,16,1.0,0.0040334167424589,0.0153482025489211,0.2056977599859237,7.152557373046875e-07
2029,narrow_top_hats,512,1.6,2,16,1.0,0.0045834360644221,0.0211270963773131,0.3290587961673736,1.7881393432617188e-06
2029,single_top_hat,128,0.4,1,16,1.0,0.0030672387219965,0.0094061768613755,0.0614743269979953,5.066394805908203e-07
2029,single_top_hat,128,0.4,2,16,1.0,0.0036585831549018,0.0097475331276655,0.0702223479747772,8.046627044677734e-07
2029,single_top_hat,128,1.6,1,16,1.0,0.0061953912954777,0.0150162419304251,0.0715028643608093,2.682209014892578e-07
2029,single_top_hat,128,1.6,2,16,1.0,0.0060253823176026,0.0142018478363752,0.0847036689519882,2.086162567138672e-07
2029,single_top_hat,256,0.4,1,16,1.0,0.002161335083656,0.0084984234999865,0.1111711636185646,7.152557373046875e-07
2029,single_top_hat,256,0.4,2,16,1.0,0.0027704593958333,0.0118060959503054,0.1749303489923477,1.1920928955078125e-06
2029,single_top_hat,256,1.6,1,16,1.0,0.0033983121393248,0.0105472765862941,0.0753100775182247,6.556510925292969e-07
2029,single_top_hat,256,1.6,2,16,0.9375,0.0038608834147453,0.0118365669623017,0.1458044648170471,5.7220458984375e-07
2029,single_top_hat,512,0.4,1,16,1.0,0.001833364367485,0.0136114084161818,0.2790961265563965,1.5497207641601562e-06
2029,single_top_hat,512,0.4,2,16,1.0,0.0028853765688836,0.0163358612917363,0.3365013897418976,2.384185791015625e-06
2029,single_top_hat,512,1.6,1,16,0.875,0.0021122589241713,0.009908054023981,0.1462112218141555,1.3623918805803572e-06
2029,single_top_hat,512,1.6,2,16,0.8125,0.0022426925133913,0.0145855043083429,0.3054865598678589,1.7606295072115386e-06
2029,smooth_sine_pre_shock,128,0.4,1,1,1.0,0.0025833551771938,0.0030476010870188,0.0068352222442626,0.0
2029,smooth_sine_pre_shock,128,0.4,2,1,1.0,0.0052074580453336,0.0063921827822923,0.014778733253479,0.0
2029,smooth_sine_pre_shock,128,1.6,1,1,1.0,0.0011120317503809,0.0015348978340625,0.0046010613441467,0.0
2029,smooth_sine_pre_shock,128,1.6,2,1,1.0,0.0021780016832053,0.0034631197340786,0.011401891708374,0.0
2029,smooth_sine_pre_shock,256,0.4,1,1,1.0,0.0026037862990051,0.0030298538040369,0.0060853958129882,1.52587890625e-05
2029,smooth_sine_pre_shock,256,0.4,2,1,1.0,0.0052010058425366,0.0064081000164151,0.0158986449241638,0.0
2029,smooth_sine_pre_shock,256,1.6,1,1,1.0,0.0007491537835448,0.0010053605074062,0.002927541732788,0.0
2029,smooth_sine_pre_shock,256,1.6,2,1,1.0,0.0015270768199115,0.0023491634055972,0.0095874667167663,0.0
2029,smooth_sine_pre_shock,512,0.4,1,1,1.0,0.0025959052145481,0.0030232854187488,0.0060677528381347,0.0
2029,smooth_sine_pre_shock,512,0.4,2,1,1.0,0.0052049462683498,0.0064386269077658,0.0159970521926879,0.0
2029,smooth_sine_pre_shock,512,1.6,1,1,1.0,0.0006434321403503,0.0008182835881598,0.0022634863853454,0.0
2029,smooth_sine_pre_shock,512,1.6,2,1,1.0,0.001305709243752,0.0018334672786295,0.0065375566482543,0.0
