cfl,intervention,functional_role,seeds,success_rate_median,success_rate_min,relative_l2_change_median,relative_l2_change_min,relative_l2_change_max,relative_flux_change_median
0.4,uniform_attention,longer_reach_diffuse,3,1.0,1.0,0.383701806532484,0.1020139399599497,0.4466505772578353,0.0152000612579286
0.4,uniform_attention,longer_reach_selective,3,1.0,1.0,3.196444962669952,1.7388138318589457,3.5806492149550357,0.0568417329341173
0.4,uniform_attention,shorter_reach_diffuse,3,1.0,1.0,0.3232988103252308,0.0472839313048776,0.5874134374297322,0.0210271868854761
0.4,uniform_attention,shorter_reach_selective,3,1.0,1.0,1.2492344394896784,0.0076305315359752,4.261041093156901,0.0323493219912052
0.4,zero_context,longer_reach_diffuse,3,1.0,1.0,8.095755933022744,3.967259368314802,9.49972987134298,0.4230620712041855
0.4,zero_context,longer_reach_selective,3,1.0,1.0,11.912563197149147,9.12735560937675,13.33636765323839,0.6133892238140106
0.4,zero_context,shorter_reach_diffuse,3,1.0,1.0,9.043206308375058,6.646097325866534,10.443187686261927,0.3090151101350784
0.4,zero_context,shorter_reach_selective,3,1.0,0.99609375,7.82077511267773,4.109032513748538,11.790284596494056,0.6185944676399231
1.6,uniform_attention,longer_reach_diffuse,3,0.99609375,0.84765625,1.3393811607105817,1.2486588375878016,1.7420222669204906,0.0298263542354106
1.6,uniform_attention,longer_reach_selective,3,0.93359375,0.578125,8.17730614137817,4.85204283450968,11.740332149013478,0.0651016123592853
1.6,uniform_attention,shorter_reach_diffuse,3,0.99609375,0.9140625,1.3992496790340925,1.1613755722766803,1.637511391713533,0.0377299953252077
1.6,uniform_attention,shorter_reach_selective,3,0.99609375,0.51953125,2.193111521083529,0.432311374500659,2.864708748036178,0.0509685073047876
1.6,zero_context,longer_reach_diffuse,3,0.99609375,0.9921875,12.185973792166518,7.460993486096692,14.79921947047805,0.3226141482591629
1.6,zero_context,longer_reach_selective,3,0.609375,0.57421875,19.728154197482965,17.369964452586704,20.34762708601248,0.6129138469696045
1.6,zero_context,shorter_reach_diffuse,3,0.99609375,0.99609375,12.698830196279832,12.141472350293908,13.293011293107025,0.307754635810852
1.6,zero_context,shorter_reach_selective,3,0.9921875,0.44921875,10.072147241243506,7.328281566906345,13.043362042098387,0.6956687569618225
