seed,cfl,region,head,faces,moving_faces,attention_entropy,left_right_asymmetry,upwind_bias,center_mass,far_mass,absolute_center_of_mass,upwind_center_of_mass,raw_head,reference_seed,reference_head,functional_role,matching_cost
2027,0.4,shock,0,1913,1913,1.6930968761444092,0.1732001602649688,0.1684854477643966,0.4560817182064056,0.543918251991272,0.2724437117576599,0.2642258107662201,0,2027,0,shorter_reach_diffuse,0.0
2027,0.4,shock,1,1913,1913,1.6259617805480957,0.2424906492233276,0.1783002763986587,0.5265128016471863,0.4734871983528137,0.337506353855133,0.2434371560811996,1,2027,1,longer_reach_diffuse,0.0
2027,0.4,shock,2,1913,1913,1.2411596775054932,0.2709221243858337,0.2063460201025009,0.7578350901603699,0.2421649098396301,0.2124126106500625,0.1556089222431183,2,2027,2,longer_reach_selective,0.0
2027,0.4,shock,3,1913,1913,1.3384498357772827,0.2326564490795135,0.1012441292405128,0.6604416966438293,0.3395582735538482,0.2049951702356338,0.0691773295402526,3,2027,3,shorter_reach_selective,0.0
2027,0.4,smooth,0,61869,27670,1.7490602731704712,0.1175136938691139,0.2397796958684921,0.4071209728717804,0.592879056930542,0.1958618015050888,0.4007761776447296,0,2027,0,shorter_reach_diffuse,0.0
2027,0.4,smooth,1,61869,27670,1.694415807723999,0.1371995359659195,0.2322407960891723,0.5109564661979675,0.4890435039997101,0.2023839801549911,0.3264892995357513,1,2027,1,longer_reach_diffuse,0.0
2027,0.4,smooth,2,61869,27670,1.3701603412628174,0.2318293005228042,0.2797982692718506,0.7377870082855225,0.2622129917144775,0.2416929900646209,0.2277116179466247,2,2027,2,longer_reach_selective,0.0
2027,0.4,smooth,3,61869,27670,1.5165554285049438,0.2156457901000976,0.1703997999429702,0.6198684573173523,0.3801315128803253,0.2802077233791351,0.154615119099617,3,2027,3,shorter_reach_selective,0.0
2027,0.8,shock,0,1913,1913,1.6730656623840332,0.2108150422573089,0.2062762379646301,0.4619078934192657,0.5380920767784119,0.3135828673839569,0.3059918284416199,0,2027,0,shorter_reach_diffuse,0.0
2027,0.8,shock,1,1913,1913,1.6092473268508911,0.291382223367691,0.2399250566959381,0.5163934230804443,0.4836065471172333,0.387939989566803,0.3147439360618591,1,2027,1,longer_reach_diffuse,0.0
2027,0.8,shock,2,1913,1913,1.1773966550827026,0.3861136138439178,0.355421632528305,0.7524661421775818,0.2475338727235794,0.3010372519493103,0.2744464874267578,2,2027,2,longer_reach_selective,0.0
2027,0.8,shock,3,1913,1913,1.2846816778182983,0.2993865013122558,0.2037163227796554,0.6636014580726624,0.3363986015319824,0.267063170671463,0.1455643475055694,3,2027,3,shorter_reach_selective,0.0
2027,0.8,smooth,0,61869,27670,1.7373818159103394,0.1405070424079895,0.2911602258682251,0.4086652100086212,0.5913348197937012,0.2289576083421707,0.4750582277774811,0,2027,0,shorter_reach_diffuse,0.0
2027,0.8,smooth,1,61869,27670,1.6863017082214355,0.1704086065292358,0.3193376064300537,0.499185562133789,0.5008144378662109,0.2461066544055938,0.4458611905574798,1,2027,1,longer_reach_diffuse,0.0
2027,0.8,smooth,2,61869,27670,1.3319920301437378,0.3100146055221557,0.4751807749271393,0.7267265915870667,0.2732734084129333,0.311571717262268,0.4228258430957794,2,2027,2,longer_reach_selective,0.0
2027,0.8,smooth,3,61869,27670,1.479777216911316,0.2713031768798828,0.3089218139648437,0.6246687769889832,0.375331163406372,0.3209775388240814,0.281257688999176,3,2027,3,shorter_reach_selective,0.0
2027,1.2,shock,0,1913,1913,1.6535897254943848,0.2459585070610046,0.24127297103405,0.4597931206226349,0.5402069091796875,0.3609324991703033,0.3538027703762054,0,2027,0,shorter_reach_diffuse,0.0
2027,1.2,shock,1,1913,1913,1.5957205295562744,0.3363531529903412,0.2865326106548309,0.4950638115406036,0.504936158657074,0.4488095939159393,0.3853836357593536,1,2027,1,longer_reach_diffuse,0.0
2027,1.2,shock,2,1913,1913,1.1477437019348145,0.4735922515392303,0.456240713596344,0.7154055237770081,0.2845943868160248,0.4063054025173187,0.3901945352554321,2,2027,2,longer_reach_selective,0.0
2027,1.2,shock,3,1913,1913,1.250780701637268,0.3615171313285827,0.274995893239975,0.6466711759567261,0.3533289134502411,0.3455353677272796,0.2160847634077072,3,2027,3,shorter_reach_selective,0.0
2027,1.2,smooth,0,61869,27670,1.7230991125106812,0.1637884229421615,0.3385015428066253,0.4052711725234985,0.5947288274765015,0.2709054350852966,0.5608828067779541,0,2027,0,shorter_reach_diffuse,0.0
2027,1.2,smooth,1,61869,27670,1.676723837852478,0.1957111358642578,0.3857138454914093,0.4809598326683044,0.5190401673316956,0.2930092811584472,0.5671714544296265,1,2027,1,longer_reach_diffuse,0.0
2027,1.2,smooth,2,61869,27670,1.3036073446273804,0.3602806627750397,0.5951053500175476,0.6856878399848938,0.3143121898174286,0.3996069133281708,0.639026939868927,2,2027,2,longer_reach_selective,0.0
2027,1.2,smooth,3,61869,27670,1.4581265449523926,0.3106090724468231,0.3928400576114654,0.6037144064903259,0.3962856233119964,0.3816121220588684,0.4247211217880249,3,2027,3,shorter_reach_selective,0.0
2027,1.6,shock,0,1913,1913,1.6318624019622805,0.2797340750694275,0.2747885584831238,0.452633798122406,0.547366201877594,0.4127409160137176,0.4059138298034668,0,2027,0,shorter_reach_diffuse,0.0
2027,1.6,shock,1,1913,1913,1.579415798187256,0.3777509331703186,0.3233561813831329,0.468385100364685,0.5316148996353149,0.5174104571342468,0.455089807510376,1,2027,1,longer_reach_diffuse,0.0
2027,1.6,shock,2,1913,1913,1.1225919723510742,0.5428354740142822,0.5304397344589233,0.6550904512405396,0.3449095785617828,0.5247501730918884,0.5120959281921387,2,2027,2,longer_reach_selective,0.0
2027,1.6,shock,3,1913,1913,1.2191327810287476,0.416406899690628,0.3276079297065735,0.6142751574516296,0.385724812746048,0.4312291145324707,0.2868045270442962,3,2027,3,shorter_reach_selective,0.0
2027,1.6,smooth,0,61869,27670,1.705923080444336,0.1860909014940261,0.3823570013046264,0.4004798829555511,0.5995201468467712,0.3161942064762115,0.6521220207214355,0,2027,0,shorter_reach_diffuse,0.0
2027,1.6,smooth,1,61869,27670,1.6644279956817627,0.2155990898609161,0.4372941553592682,0.4624044597148895,0.5375955104827881,0.3400331735610962,0.6840335726737976,1,2027,1,longer_reach_diffuse,0.0
2027,1.6,smooth,2,61869,27670,1.2596968412399292,0.3947083652019501,0.6764878034591675,0.6436696648597717,0.3563303351402282,0.4863085746765136,0.8459817171096802,2,2027,2,longer_reach_selective,0.0
2027,1.6,smooth,3,61869,27670,1.414921522140503,0.3411552011966705,0.4515323936939239,0.5802408456802368,0.419759064912796,0.4416488409042358,0.5589139461517334,3,2027,3,shorter_reach_selective,0.0
2027,2.4,shock,0,1913,1913,1.5889036655426023,0.3404937386512756,0.3346874415874481,0.4339232146739959,0.5660768151283264,0.5212568044662476,0.514500081539154,0,2027,0,shorter_reach_diffuse,0.0
2027,2.4,shock,1,1913,1913,1.5420122146606443,0.4466687142848968,0.372735857963562,0.4181630909442901,0.5818368792533875,0.6547076106071472,0.5814661383628845,1,2027,1,longer_reach_diffuse,0.0
2027,2.4,shock,2,1913,1913,1.0777902603149414,0.6339374780654907,0.6210916042327881,0.5344592332839966,0.4655407667160034,0.7577800154685974,0.7436520457267761,2,2027,2,longer_reach_selective,0.0
2027,2.4,shock,3,1913,1913,1.179781794548035,0.4931638836860657,0.3883630931377411,0.5443481802940369,0.4556518197059631,0.5891374945640564,0.4066713750362396,3,2027,3,shorter_reach_selective,0.0
2027,2.4,smooth,0,61869,27670,1.664484620094299,0.2245245724916458,0.4560030102729797,0.3936108350753784,0.6063891649246216,0.4104174673557281,0.8428611159324646,0,2027,0,shorter_reach_diffuse,0.0
2027,2.4,smooth,1,61869,27670,1.6359578371047974,0.2428528070449829,0.5034768581390381,0.4348955750465393,0.5651044249534607,0.4278489947319031,0.8880614638328552,1,2027,1,longer_reach_diffuse,0.0
2027,2.4,smooth,2,61869,27670,1.169208526611328,0.4364582300186157,0.7749505639076233,0.5925795435905457,0.4074203670024872,0.6628742814064026,1.2593038082122805,2,2027,2,longer_reach_selective,0.0
2027,2.4,smooth,3,61869,27670,1.3522311449050903,0.3850279152393341,0.5231485962867737,0.558644711971283,0.4413552284240722,0.5700175166130066,0.8302984833717346,3,2027,3,shorter_reach_selective,0.0
2027,2.8,shock,0,1913,1913,1.5680217742919922,0.3668083846569061,0.3604292869567871,0.4244388043880462,0.5755612254142761,0.5760369896888733,0.5690737366676331,0,2027,0,shorter_reach_diffuse,0.0
2027,2.8,shock,1,1913,1913,1.519977331161499,0.4754190444946289,0.3877409100532532,0.3976489007472992,0.6023511290550232,0.720569372177124,0.6359395980834961,1,2027,1,longer_reach_diffuse,0.0
2027,2.8,shock,2,1913,1913,1.0448479652404783,0.6575819253921509,0.6417189836502075,0.4858612418174743,0.5141387581825256,0.870324432849884,0.8509019017219543,2,2027,2,longer_reach_selective,0.0
2027,2.8,shock,3,1913,1913,1.1668325662612915,0.513159453868866,0.3977007567882538,0.5128056406974792,0.4871943593025207,0.6626516580581665,0.4589110016822815,3,2027,3,shorter_reach_selective,0.0
2027,2.8,smooth,0,61869,27670,1.644985914230347,0.2402251958847046,0.4851152598857879,0.3923111855983734,0.6076887845993042,0.4485850036144256,0.9188329577445984,0,2027,0,shorter_reach_diffuse,0.0
2027,2.8,smooth,1,61869,27670,1.6246548891067505,0.2513327896595001,0.5207064151763916,0.4263968467712402,0.5736032128334045,0.4582082033157348,0.9522231221199036,1,2027,1,longer_reach_diffuse,0.0
2027,2.8,smooth,2,61869,27670,1.1165064573287964,0.4494561851024627,0.8055333495140076,0.578057587146759,0.4219424724578857,0.7243565917015076,1.4037426710128784,2,2027,2,longer_reach_selective,0.0
2027,2.8,smooth,3,61869,27670,1.3082258701324463,0.4017620682716369,0.5482857823371887,0.5528225302696228,0.4471774399280548,0.6162943243980408,0.926421046257019,3,2027,3,shorter_reach_selective,0.0
2028,0.4,shock,0,1913,1913,1.1895184516906738,0.3854724466800689,0.2948935627937317,0.6766679286956787,0.3233320713043213,0.4225600957870483,0.3739476203918457,0,2027,2,longer_reach_selective,2.6188723788450265
2028,0.4,shock,1,1913,1913,1.5456539392471311,0.2229493111371994,0.2135036736726761,0.5508132576942444,0.4491867423057556,0.3165485560894012,0.2964579463005066,1,2027,0,shorter_reach_diffuse,3.4861920397979524
2028,0.4,shock,2,1913,1913,1.289465069770813,0.2537055909633636,0.1804365068674087,0.7081643342971802,0.2918356657028198,0.2097110450267791,0.1660298407077789,2,2027,3,shorter_reach_selective,5.01559495482083
2028,0.4,shock,3,1913,1913,1.3667412996292114,0.3039908707141876,0.291899710893631,0.6620196104049683,0.3379804193973541,0.3395522534847259,0.3372032046318054,3,2027,1,longer_reach_diffuse,8.712704917874202
2028,0.4,smooth,0,61869,27670,1.346225023269653,0.347060352563858,0.4229392409324646,0.6535696983337402,0.3464303016662597,0.4820444583892822,0.6214279532432556,0,2027,2,longer_reach_selective,2.6188723788450265
2028,0.4,smooth,1,61869,27670,1.6767454147338867,0.1811019033193588,0.3049272000789642,0.4911980926990509,0.5088019371032715,0.2791571915149688,0.4693528115749359,1,2027,0,shorter_reach_diffuse,3.4861920397979524
2028,0.4,smooth,2,61869,27670,1.435668706893921,0.2169971168041229,0.2611075937747955,0.6815179586410522,0.3184820711612701,0.2537173926830292,0.2702096700668335,2,2027,3,shorter_reach_selective,5.01559495482083
2028,0.4,smooth,3,61869,27670,1.548837184906006,0.1954234838485717,0.3880506157875061,0.6029102206230164,0.3970897495746612,0.2574941217899322,0.5184932947158813,3,2027,1,longer_reach_diffuse,8.712704917874202
2028,0.8,shock,0,1913,1913,1.1168677806854248,0.4652574360370636,0.4156960844993591,0.686982274055481,0.3130176663398742,0.4773494601249695,0.455720990896225,0,2027,2,longer_reach_selective,2.6188723788450265
2028,0.8,shock,1,1913,1913,1.5035656690597534,0.2880579233169555,0.281827449798584,0.5550675392150879,0.4449324309825897,0.3709652423858642,0.3603895008563995,1,2027,0,shorter_reach_diffuse,3.4861920397979524
2028,0.8,shock,2,1913,1913,1.2352765798568726,0.3410781621932983,0.3007184267044067,0.7077364921569824,0.2922635078430176,0.284737080335617,0.2606260776519775,2,2027,3,shorter_reach_selective,5.01559495482083
2028,0.8,shock,3,1913,1913,1.3257488012313845,0.3967633247375488,0.3892440497875213,0.6477086544036865,0.3522913157939911,0.4304645359516144,0.4289884269237518,3,2027,1,longer_reach_diffuse,8.712704917874202
2028,0.8,smooth,0,61869,27670,1.27612042427063,0.3965755999088287,0.5708311796188354,0.670529305934906,0.3294707834720611,0.5075315833091736,0.7494606971740723,0,2027,2,longer_reach_selective,2.6188723788450265
2028,0.8,smooth,1,61869,27670,1.6531293392181396,0.2115325182676315,0.3873890042304992,0.4921890199184418,0.5078110098838806,0.3179042339324951,0.577327311038971,1,2027,0,shorter_reach_diffuse,3.4861920397979524
2028,0.8,smooth,2,61869,27670,1.400265336036682,0.2794876992702484,0.4179991781711578,0.679137647151947,0.3208623826503753,0.3106840550899505,0.427161157131195,2,2027,3,shorter_reach_selective,5.01559495482083
2028,0.8,smooth,3,61869,27670,1.5237245559692385,0.2395866215229034,0.4942883551120758,0.5910250544548035,0.4089749455451965,0.3148085474967956,0.653014600276947,3,2027,1,longer_reach_diffuse,8.712704917874202
2028,1.2,shock,0,1913,1913,1.0690838098526,0.5351801514625549,0.5043282508850098,0.6715236306190491,0.3284762799739837,0.54805588722229,0.5352602601051331,0,2027,2,longer_reach_selective,2.6188723788450265
2028,1.2,shock,1,1913,1913,1.4643707275390625,0.3465237319469452,0.3414320945739746,0.5469335317611694,0.4530665278434753,0.4343697130680084,0.4280986785888672,1,2027,0,shorter_reach_diffuse,3.4861920397979524
2028,1.2,shock,2,1913,1913,1.2059351205825806,0.4120278358459472,0.3852174282073974,0.6854133009910583,0.3145866096019745,0.3692191839218139,0.3496104478836059,2,2027,3,shorter_reach_selective,5.01559495482083
2028,1.2,shock,3,1913,1913,1.2936408519744873,0.4666526913642883,0.4619572162628174,0.6166090369224548,0.3833909332752228,0.522293210029602,0.5211381316184998,3,2027,1,longer_reach_diffuse,8.712704917874202
2028,1.2,smooth,0,61869,27670,1.2251965999603271,0.4252611100673675,0.6554362773895264,0.6551680564880371,0.3448319137096405,0.5518010854721069,0.8959209322929382,0,2027,2,longer_reach_selective,2.6188723788450265
2028,1.2,smooth,1,61869,27670,1.625354528427124,0.2381639182567596,0.4563924670219421,0.4840300381183624,0.51596999168396,0.3653595447540283,0.6998240351676941,1,2027,0,shorter_reach_diffuse,3.4861920397979524
2028,1.2,smooth,2,61869,27670,1.3736968040466309,0.3221285343170166,0.5192214250564575,0.650182843208313,0.3498171269893646,0.3843527436256408,0.6062043905258179,2,2027,3,shorter_reach_selective,5.01559495482083
2028,1.2,smooth,3,61869,27670,1.4980076551437378,0.2738235294818878,0.5695393681526184,0.5665664672851562,0.4334335029125213,0.3818283081054687,0.8000959753990173,3,2027,1,longer_reach_diffuse,8.712704917874202
2028,1.6,shock,0,1913,1913,1.029979228973389,0.5969228148460388,0.5707541704177856,0.6321717500686646,0.3678282797336578,0.6328921318054199,0.6214364767074585,0,2027,2,longer_reach_selective,2.6188723788450265
2028,1.6,shock,1,1913,1913,1.426846265792847,0.3977277278900146,0.393403559923172,0.5302858352661133,0.4697141945362091,0.5022405385971069,0.498262345790863,1,2027,0,shorter_reach_diffuse,3.4861920397979524
2028,1.6,shock,2,1913,1913,1.183292031288147,0.4725552797317505,0.4488079249858856,0.6444360613822937,0.3555638790130615,0.4617920517921448,0.4420348405838012,2,2027,3,shorter_reach_selective,5.01559495482083
2028,1.6,shock,3,1913,1913,1.2653251886367798,0.5217761993408203,0.5185274481773376,0.5771113634109497,0.4228886365890503,0.6134113073348999,0.612507164478302,3,2027,1,longer_reach_diffuse,8.712704917874202
2028,1.6,smooth,0,61869,27670,1.1641908884048462,0.4425621628761291,0.7082938551902771,0.6382349729537964,0.3617650270462036,0.5908161997795105,1.0184595584869385,0,2027,2,longer_reach_selective,2.6188723788450265
2028,1.6,smooth,1,61869,27670,1.5931254625320437,0.2608836591243744,0.5138752460479736,0.4743778705596924,0.5256221294403076,0.4157979786396026,0.8252176642417908,1,2027,0,shorter_reach_diffuse,3.4861920397979524
2028,1.6,smooth,2,61869,27670,1.3312846422195437,0.3531560897827148,0.5912617444992065,0.6209821105003357,0.3790178894996643,0.4540760517120361,0.772000789642334,2,2027,3,shorter_reach_selective,5.01559495482083
2028,1.6,smooth,3,61869,27670,1.4680556058883667,0.3001105487346649,0.6245346665382385,0.542770266532898,0.4572297632694244,0.4467552304267883,0.9399362206459044,3,2027,1,longer_reach_diffuse,8.712704917874202
2028,2.4,shock,0,1913,1913,0.9658151865005492,0.6930497884750366,0.6582997441291809,0.5344358086585999,0.4655642211437225,0.8273309469223022,0.8018022179603577,0,2027,2,longer_reach_selective,2.6188723788450265
2028,2.4,shock,1,1913,1913,1.3638887405395508,0.480410635471344,0.4768387675285339,0.4878937602043152,0.5121062397956848,0.6425161361694336,0.6404714584350586,1,2027,0,shorter_reach_diffuse,3.4861920397979524
2028,2.4,shock,2,1913,1913,1.154091715812683,0.5576269626617432,0.5298864841461182,0.5531497597694397,0.4468501508235931,0.6437939405441284,0.6175239086151123,2,2027,3,shorter_reach_selective,5.01559495482083
2028,2.4,shock,3,1913,1913,1.2240257263183594,0.6007744073867798,0.5987436771392822,0.5001887679100037,0.4998112618923187,0.7872804999351501,0.7866327166557312,3,2027,1,longer_reach_diffuse,8.712704917874202
2028,2.4,smooth,0,61869,27670,1.059803128242493,0.4645555317401886,0.7775834202766418,0.6215640902519226,0.3784359991550445,0.6888921856880188,1.2890383005142212,0,2027,2,longer_reach_selective,2.6188723788450265
2028,2.4,smooth,1,61869,27670,1.5166468620300293,0.296515941619873,0.600774347782135,0.4618792533874511,0.5381207466125488,0.5241557955741882,1.082919955253601,1,2027,0,shorter_reach_diffuse,3.4861920397979524
2028,2.4,smooth,2,61869,27670,1.2582846879959106,0.3943337202072143,0.6854802370071411,0.5873172879219055,0.4126826524734497,0.6004798412322998,1.1133124828338623,2,2027,3,shorter_reach_selective,5.01559495482083
2028,2.4,smooth,3,61869,27670,1.4040987491607666,0.3346140086650848,0.6926016807556152,0.5124562382698059,0.4875437617301941,0.5702900886535645,1.2046247720718384,3,2027,1,longer_reach_diffuse,8.712704917874202
2028,2.8,shock,0,1913,1913,0.9274923205375672,0.7257833480834961,0.6857534050941467,0.4894983768463135,0.5105016231536865,0.9340732097625732,0.9026660323143004,0,2027,2,longer_reach_selective,2.6188723788450265
2028,2.8,shock,1,1913,1913,1.3378061056137085,0.51333087682724,0.5100274085998535,0.4663193225860595,0.5336806774139404,0.7140698432922363,0.7123985290527344,1,2027,0,shorter_reach_diffuse,3.4861920397979524
2028,2.8,shock,2,1913,1913,1.139267086982727,0.5821906328201294,0.551406741142273,0.5121147036552429,0.4878852665424347,0.7352105975151062,0.7036868333816528,2,2027,3,shorter_reach_selective,5.01559495482083
2028,2.8,shock,3,1913,1913,1.2082263231277466,0.6293724179267883,0.6276416182518005,0.4661964178085327,0.5338035821914673,0.8729439377784729,0.8723541498184204,3,2027,1,longer_reach_diffuse,8.712704917874202
2028,2.8,smooth,0,61869,27670,1.0045782327651978,0.474500298500061,0.8067758679389954,0.6159161925315857,0.3840838372707367,0.7282629013061523,1.3960076570510864,0,2027,2,longer_reach_selective,2.6188723788450265
2028,2.8,smooth,1,61869,27670,1.4790016412734983,0.3102166950702667,0.6325591206550598,0.4591434597969055,0.5408564805984497,0.5664929151535034,1.1815803050994873,1,2027,0,shorter_reach_diffuse,3.4861920397979524
2028,2.8,smooth,2,61869,27670,1.2129443883895874,0.4089017808437347,0.7180782556533813,0.576841413974762,0.423158586025238,0.6521942615509033,1.2342804670333862,2,2027,3,shorter_reach_selective,5.01559495482083
2028,2.8,smooth,3,61869,27670,1.3763175010681152,0.3450083434581756,0.7111143469810486,0.5044036507606506,0.4955963492393493,0.6112037897109985,1.290549635887146,3,2027,1,longer_reach_diffuse,8.712704917874202
2029,0.4,shock,0,1913,1913,1.7454586029052734,0.1966649442911148,0.1937283128499984,0.3578779995441437,0.6421220302581787,0.3595539927482605,0.3538021743297577,0,2027,0,shorter_reach_diffuse,1.1180049877718012
2029,0.4,shock,1,1913,1913,1.7484875917434692,0.1638469845056533,0.1421193182468414,0.397565633058548,0.6024343967437744,0.2811022698879242,0.2478447556495666,1,2027,3,shorter_reach_selective,7.869601754319637
2029,0.4,shock,2,1913,1913,0.6317964792251587,0.5090328454971313,0.2127557247877121,0.9564011096954346,0.0435989312827587,0.2366686165332794,0.1091126129031181,2,2027,2,longer_reach_selective,8.846357947153985
2029,0.4,shock,3,1913,1913,1.752691626548767,0.144900307059288,0.1405047625303268,0.4082356095314026,0.5917643308639526,0.2396423369646072,0.229341447353363,3,2027,1,longer_reach_diffuse,1.338137485183719
2029,0.4,smooth,0,61869,27670,1.7641361951828003,0.1391426622867584,0.2487239390611648,0.3496230840682983,0.6503769755363464,0.2598235011100769,0.4610364139080047,0,2027,0,shorter_reach_diffuse,1.1180049877718012
2029,0.4,smooth,1,61869,27670,1.7661470174789429,0.1348803639411926,0.1888416409492492,0.3826856613159179,0.617314338684082,0.2459357678890228,0.3370547890663147,1,2027,3,shorter_reach_selective,7.869601754319637
2029,0.4,smooth,2,61869,27670,0.8039258718490601,0.225246325135231,0.3735831081867218,0.9545127749443054,0.0454872548580169,0.122259996831417,0.1854080259799957,2,2027,2,longer_reach_selective,8.846357947153985
2029,0.4,smooth,3,61869,27670,1.7581181526184082,0.0949782207608223,0.1706133782863617,0.4250677227973938,0.5749322772026062,0.1560048758983612,0.2723615765571594,3,2027,1,longer_reach_diffuse,1.338137485183719
2029,0.8,shock,0,1913,1913,1.7393068075180054,0.2131854891777038,0.2072702348232269,0.3574039340019226,0.6425961852073669,0.3817816376686096,0.3701270222663879,0,2027,0,shorter_reach_diffuse,1.1180049877718012
2029,0.8,shock,1,1913,1913,1.7417937517166138,0.1837751716375351,0.1613525003194809,0.3958365321159363,0.6041634678840637,0.3059065639972687,0.2703255414962768,1,2027,3,shorter_reach_selective,7.869601754319637
2029,0.8,shock,2,1913,1913,0.5848972797393799,0.5987415313720703,0.4366138279438019,0.942270278930664,0.0577297285199165,0.3146069943904876,0.248336836695671,2,2027,2,longer_reach_selective,8.846357947153985
2029,0.8,shock,3,1913,1913,1.740382432937622,0.1920655518770218,0.1881480813026428,0.4076423645019531,0.5923576354980469,0.3002743422985077,0.2932624220848083,3,2027,1,longer_reach_diffuse,1.338137485183719
2029,0.8,smooth,0,61869,27670,1.7580510377883911,0.1587410569190979,0.2692227065563202,0.34967902302742,0.6503209471702576,0.2927344143390655,0.4897964000701904,0,2027,0,shorter_reach_diffuse,1.1180049877718012
2029,0.8,smooth,1,61869,27670,1.76243257522583,0.1501758992671966,0.2155001163482666,0.3810995221138,0.6189004182815552,0.2687830030918121,0.3734031617641449,1,2027,3,shorter_reach_selective,7.869601754319637
2029,0.8,smooth,2,61869,27670,0.7456595301628113,0.3374805450439453,0.6369562149047852,0.9437719583511353,0.056228082627058,0.1974276602268219,0.3662258088588714,2,2027,2,longer_reach_selective,8.846357947153985
2029,0.8,smooth,3,61869,27670,1.7497352361679075,0.118337295949459,0.2327925562858581,0.4251390993595123,0.5748609304428101,0.1873029172420501,0.3602775931358337,3,2027,1,longer_reach_diffuse,1.338137485183719
2029,1.2,shock,0,1913,1913,1.7321151494979858,0.229365274310112,0.2205598354339599,0.3539821207523346,0.6460179090499878,0.4071152806282043,0.3892546594142914,0,2027,0,shorter_reach_diffuse,1.1180049877718012
2029,1.2,shock,1,1913,1913,1.734432339668274,0.2027808129787445,0.1784539073705673,0.3909055590629577,0.6090944409370422,0.3328326344490051,0.2941567897796631,1,2027,3,shorter_reach_selective,7.869601754319637
2029,1.2,shock,2,1913,1913,0.5615276098251343,0.6892115473747253,0.583148181438446,0.8901358842849731,0.1098641231656074,0.4205902814865112,0.3807783126831054,2,2027,2,longer_reach_selective,8.846357947153985
2029,1.2,shock,3,1913,1913,1.7248026132583618,0.2384691536426544,0.2318779677152633,0.4000161588191986,0.5999839305877686,0.3706856369972229,0.3607285320758819,3,2027,1,longer_reach_diffuse,1.338137485183719
2029,1.2,smooth,0,61869,27670,1.7502520084381104,0.1773681491613388,0.2877823710441589,0.3475772738456726,0.6524227261543274,0.3271827399730682,0.5225065350532532,0,2027,0,shorter_reach_diffuse,1.1180049877718012
2029,1.2,smooth,1,61869,27670,1.7582495212554932,0.1639690995216369,0.2388110756874084,0.3775132000446319,0.6224868297576904,0.2928180396556854,0.4128261208534241,1,2027,3,shorter_reach_selective,7.869601754319637
2029,1.2,smooth,2,61869,27670,0.7489491701126099,0.3921625912189483,0.7541643977165222,0.8729323148727417,0.1270677000284195,0.3022239506244659,0.5990784168243408,2,2027,2,longer_reach_selective,8.846357947153985
2029,1.2,smooth,3,61869,27670,1.7394802570343018,0.1404450535774231,0.2886103391647339,0.4204922318458557,0.5795077681541443,0.2248754650354385,0.4558999538421631,3,2027,1,longer_reach_diffuse,1.338137485183719
2029,1.6,shock,0,1913,1913,1.7234692573547363,0.2448041886091232,0.2331747710704803,0.3484739661216736,0.6515260934829712,0.4347913861274719,0.4103724062442779,0,2027,0,shorter_reach_diffuse,1.1180049877718012
2029,1.6,shock,1,1913,1913,1.726215124130249,0.220808058977127,0.1934117972850799,0.3839453160762787,0.6160546541213989,0.3613629639148712,0.3186898827552795,1,2027,3,shorter_reach_selective,7.869601754319637
2029,1.6,shock,2,1913,1913,0.5365622043609619,0.7520237565040588,0.6835603713989258,0.808495283126831,0.1915046572685241,0.5416182279586792,0.5169664621353149,2,2027,2,longer_reach_selective,8.846357947153985
2029,1.6,shock,3,1913,1913,1.7046701908111572,0.2828423976898193,0.2715961635112762,0.3874774277210235,0.612522542476654,0.4467028677463531,0.4301778376102447,3,2027,1,longer_reach_diffuse,1.338137485183719
2029,1.6,smooth,0,61869,27670,1.740700364112854,0.1946622729301452,0.30330690741539,0.3445252776145935,0.6554747223854065,0.3623672723770141,0.5569370985031128,0,2027,0,shorter_reach_diffuse,1.1180049877718012
2029,1.6,smooth,1,61869,27670,1.7535946369171145,0.1760828047990799,0.2584474086761474,0.3732378482818603,0.6267621517181396,0.3170955181121826,0.4530879557132721,1,2027,3,shorter_reach_selective,7.869601754319637
2029,1.6,smooth,2,61869,27670,0.7044754028320312,0.4269430637359619,0.8209972381591797,0.7998931407928467,0.2001069039106369,0.4018661379814148,0.8167629837989807,2,2027,2,longer_reach_selective,8.846357947153985
2029,1.6,smooth,3,61869,27670,1.726760745048523,0.1615973263978958,0.3385718464851379,0.4139977097511291,0.5860022902488708,0.2673126757144928,0.5556204319000244,3,2027,1,longer_reach_diffuse,1.338137485183719
2029,2.4,shock,0,1913,1913,1.7026150226593018,0.2725827395915985,0.2549514472484588,0.3350573480129242,0.6649425625801086,0.4950094521045685,0.4558376669883728,0,2027,0,shorter_reach_diffuse,1.1180049877718012
2029,2.4,shock,1,1913,1913,1.7085996866226196,0.2527106702327728,0.2152775973081588,0.3685343265533447,0.6314657926559448,0.4192276000976562,0.3648213148117065,1,2027,3,shorter_reach_selective,7.869601754319637
2029,2.4,shock,2,1913,1913,0.5357153415679932,0.8324533104896545,0.7985838055610657,0.6368893980979919,0.3631106913089752,0.7823055982589722,0.770293653011322,2,2027,2,longer_reach_selective,8.846357947153985
2029,2.4,shock,3,1913,1913,1.6531211137771606,0.3617455661296844,0.3345425724983215,0.3572092056274414,0.6427908539772034,0.6031644940376282,0.5634593367576599,3,2027,1,longer_reach_diffuse,1.338137485183719
2029,2.4,smooth,0,61869,27670,1.7166472673416138,0.2255017906427383,0.3245338797569275,0.3391661643981933,0.6608338952064514,0.4327505528926849,0.62380051612854,0,2027,0,shorter_reach_diffuse,1.1180049877718012
2029,2.4,smooth,1,61869,27670,1.7441437244415283,0.1941364258527755,0.2840475142002105,0.3664698302745819,0.6335301399230957,0.3603833615779876,0.522484540939331,1,2027,3,shorter_reach_selective,7.869601754319637
2029,2.4,smooth,2,61869,27670,0.6750803589820862,0.4687235951423645,0.8872989416122437,0.7135149240493774,0.2864851653575897,0.620156466960907,1.2914437055587769,2,2027,2,longer_reach_selective,8.846357947153985
2029,2.4,smooth,3,61869,27670,1.6961344480514526,0.1999218463897705,0.4175972640514374,0.4034602046012878,0.5965397953987122,0.3590197563171386,0.7490916848182678,3,2027,1,longer_reach_diffuse,1.338137485183719
2029,2.8,shock,0,1913,1913,1.690098762512207,0.2849332094192505,0.2639250457286834,0.328291654586792,0.6717084050178528,0.5259778499603271,0.4786463677883148,0,2027,0,shorter_reach_diffuse,1.1180049877718012
2029,2.8,shock,1,1913,1913,1.6994768381118774,0.2669543325901031,0.2220631688833236,0.3614694774150848,0.6385306119918823,0.4469932019710541,0.3841752409934997,1,2027,3,shorter_reach_selective,7.869601754319637
2029,2.8,shock,2,1913,1913,0.533966600894928,0.8557250499725342,0.8296023607254028,0.5615396499633789,0.4384603202342987,0.9176365733146667,0.90807843208313,2,2027,2,longer_reach_selective,8.846357947153985
2029,2.8,shock,3,1913,1913,1.6222636699676514,0.3959100246429443,0.3568618297576904,0.3421964049339294,0.6578035354614258,0.6785105466842651,0.6226372718811035,3,2027,1,longer_reach_diffuse,1.338137485183719
2029,2.8,smooth,0,61869,27670,1.704985737800598,0.2391731292009353,0.3304955065250397,0.3375848233699798,0.6624152064323425,0.4639266431331634,0.6470165848731995,0,2027,0,shorter_reach_diffuse,1.1180049877718012
2029,2.8,smooth,1,61869,27670,1.7406153678894043,0.1998642086982727,0.2895080745220184,0.3647817969322204,0.6352181434631348,0.3752116858959198,0.5421980023384094,1,2027,3,shorter_reach_selective,7.869601754319637
2029,2.8,smooth,2,61869,27670,0.6340993642807007,0.4835456311702728,0.9059662222862244,0.6855219006538391,0.3144781589508056,0.6944456696510315,1.4504013061523438,2,2027,2,longer_reach_selective,8.846357947153985
2029,2.8,smooth,3,61869,27670,1.6813640594482422,0.2162438482046127,0.4459670484066009,0.4008104503154754,0.5991895198822021,0.3984884321689605,0.8231707811355591,3,2027,1,longer_reach_diffuse,1.338137485183719
