seed,cfl,sequential_steps,intervention,head,samples,successes,failures,success_rate,median_l2_successful,relative_l2_change_from_learned,median_relative_first_step_flux_change,raw_head,reference_seed,reference_head,functional_role,matching_cost
2027,0.4,84,uniform_attention,0,256,256,0,1.0,0.033945819362998,0.5874134374297322,0.0210271868854761,0,2027,0,shorter_reach_diffuse,0.0
2027,0.4,84,uniform_attention,1,256,256,0,1.0,0.0295895766466856,0.383701806532484,0.0152000612579286,1,2027,1,longer_reach_diffuse,0.0
2027,0.4,84,uniform_attention,2,256,256,0,1.0,0.0585677791386842,1.7388138318589457,0.0368515085428953,2,2027,2,longer_reach_selective,0.0
2027,0.4,84,uniform_attention,3,256,256,0,1.0,0.048098437488079,1.2492344394896784,0.0323493219912052,3,2027,3,shorter_reach_selective,0.0
2027,0.4,84,zero_context,0,256,256,0,1.0,0.2447052374482154,10.443187686261927,0.8295477330684662,0,2027,0,shorter_reach_diffuse,0.0
2027,0.4,84,zero_context,1,256,256,0,1.0,0.2245299965143203,9.49972987134298,0.3362102806568146,1,2027,1,longer_reach_diffuse,0.0
2027,0.4,84,zero_context,2,256,256,0,1.0,0.276126891374588,11.912563197149147,1.241063416004181,2,2027,2,longer_reach_selective,0.0
2027,0.4,84,zero_context,3,256,256,0,1.0,0.1886266246438026,7.82077511267773,1.087290346622467,3,2027,3,shorter_reach_selective,0.0
2027,1.6,21,uniform_attention,0,256,255,1,0.99609375,0.0336111932992935,1.3992496790340925,0.0377299953252077,0,2027,0,shorter_reach_diffuse,0.0
2027,1.6,21,uniform_attention,1,256,255,1,0.99609375,0.0327724926173687,1.3393811607105817,0.0298263542354106,1,2027,1,longer_reach_diffuse,0.0
2027,1.6,21,uniform_attention,2,256,239,17,0.93359375,0.1285652816295623,8.17730614137817,0.0651016123592853,2,2027,2,longer_reach_selective,0.0
2027,1.6,21,uniform_attention,3,256,255,1,0.99609375,0.0541408732533454,2.864708748036178,0.0509685073047876,3,2027,3,shorter_reach_selective,0.0
2027,1.6,21,zero_context,0,256,255,1,0.99609375,0.2002314180135727,13.293011293107025,0.7055251598358154,0,2027,0,shorter_reach_diffuse,0.0
2027,1.6,21,zero_context,1,256,254,2,0.9921875,0.2213319540023803,14.79921947047805,0.3801353126764297,1,2027,1,longer_reach_diffuse,0.0
2027,1.6,21,zero_context,2,256,147,109,0.57421875,0.2990598380565643,20.34762708601248,1.326736330986023,2,2027,2,longer_reach_selective,0.0
2027,1.6,21,zero_context,3,256,255,1,0.99609375,0.196734070777893,13.043362042098387,0.9816185534000396,3,2027,3,shorter_reach_selective,0.0
2028,0.4,84,uniform_attention,0,256,256,0,1.0,0.1216027028858661,3.5806492149550357,0.0568417329341173,0,2027,2,longer_reach_selective,2.6188723788450265
2028,0.4,84,uniform_attention,1,256,256,0,1.0,0.0278022941201925,0.0472839313048776,0.0193742243573069,1,2027,0,shorter_reach_diffuse,3.4861920397979524
2028,0.4,84,uniform_attention,2,256,256,0,1.0,0.1396650969982147,4.261041093156901,0.0743266940116882,2,2027,3,shorter_reach_selective,5.01559495482083
2028,0.4,84,uniform_attention,3,256,256,0,1.0,0.0292552141472697,0.1020139399599497,0.0258102538064122,3,2027,1,longer_reach_diffuse,8.712704917874202
2028,0.4,84,zero_context,0,256,256,0,1.0,0.2688513696193695,9.12735560937675,0.6133892238140106,0,2027,2,longer_reach_selective,2.6188723788450265
2028,0.4,84,zero_context,1,256,256,0,1.0,0.2029812932014465,6.646097325866534,0.2849179804325104,1,2027,0,shorter_reach_diffuse,3.4861920397979524
2028,0.4,84,zero_context,2,256,255,1,0.99609375,0.339544266462326,11.790284596494056,0.6185944676399231,2,2027,3,shorter_reach_selective,5.01559495482083
2028,0.4,84,zero_context,3,256,256,0,1.0,0.1318660601973533,3.967259368314802,0.4252917319536209,3,2027,1,longer_reach_diffuse,8.712704917874202
2028,1.6,21,uniform_attention,0,256,148,108,0.578125,0.0817457772791385,4.85204283450968,0.0860832631587982,0,2027,2,longer_reach_selective,2.6188723788450265
2028,1.6,21,uniform_attention,1,256,234,22,0.9140625,0.0368427615612745,1.637511391713533,0.0413978826254606,1,2027,0,shorter_reach_diffuse,3.4861920397979524
2028,1.6,21,uniform_attention,2,256,133,123,0.51953125,0.044603805989027,2.193111521083529,0.0858853943645954,2,2027,3,shorter_reach_selective,5.01559495482083
2028,1.6,21,uniform_attention,3,256,217,39,0.84765625,0.0383026488125324,1.7420222669204906,0.0451544504612684,3,2027,1,longer_reach_diffuse,8.712704917874202
2028,1.6,21,zero_context,0,256,156,100,0.609375,0.2566056102514267,17.369964452586704,0.6129138469696045,0,2027,2,longer_reach_selective,2.6188723788450265
2028,1.6,21,zero_context,1,256,255,1,0.99609375,0.1913556605577469,12.698830196279832,0.307754635810852,1,2027,0,shorter_reach_diffuse,3.4861920397979524
2028,1.6,21,zero_context,2,256,115,141,0.44921875,0.1546641588211059,10.072147241243506,0.6956687569618225,2,2027,3,shorter_reach_selective,5.01559495482083
2028,1.6,21,zero_context,3,256,255,1,0.99609375,0.1181895807385444,7.460993486096692,0.3226141482591629,3,2027,1,longer_reach_diffuse,8.712704917874202
2029,0.4,84,uniform_attention,0,256,256,0,1.0,0.0327952187508344,0.3232988103252308,0.022783949971199,0,2027,0,shorter_reach_diffuse,1.1180049877718012
2029,0.4,84,uniform_attention,1,256,256,0,1.0,0.0249720346182584,0.0076305315359752,0.0138602717779576,1,2027,3,shorter_reach_selective,7.869601754319637
2029,0.4,84,uniform_attention,2,256,256,0,1.0,0.1040001921355724,3.196444962669952,0.0648997798562049,2,2027,2,longer_reach_selective,8.846357947153985
2029,0.4,84,uniform_attention,3,256,256,0,1.0,0.0358522366732358,0.4466505772578353,0.0137655157595872,3,2027,1,longer_reach_diffuse,1.338137485183719
2029,0.4,84,zero_context,0,256,256,0,1.0,0.2489000558853149,9.043206308375058,0.3090151101350784,0,2027,0,shorter_reach_diffuse,1.1180049877718012
2029,0.4,84,zero_context,1,256,256,0,1.0,0.126616783440113,4.109032513748538,0.1290341392159462,1,2027,3,shorter_reach_selective,7.869601754319637
2029,0.4,84,zero_context,2,256,256,0,1.0,0.3552971631288528,13.33636765323839,0.5785708129405975,2,2027,2,longer_reach_selective,8.846357947153985
2029,0.4,84,zero_context,3,256,256,0,1.0,0.2254194617271423,8.095755933022744,0.4230620712041855,3,2027,1,longer_reach_diffuse,1.338137485183719
2029,1.6,21,uniform_attention,0,256,255,1,0.99609375,0.0368168428540229,1.1613755722766803,0.0178954880684614,0,2027,0,shorter_reach_diffuse,1.1180049877718012
2029,1.6,21,uniform_attention,1,256,255,1,0.99609375,0.0243979729712009,0.432311374500659,0.0135797820985317,1,2027,3,shorter_reach_selective,7.869601754319637
2029,1.6,21,uniform_attention,2,256,240,16,0.9375,0.217018648982048,11.740332149013478,0.0469057615846395,2,2027,2,longer_reach_selective,8.846357947153985
2029,1.6,21,uniform_attention,3,256,255,1,0.99609375,0.0383036248385906,1.2486588375878016,0.0152180232107639,3,2027,1,longer_reach_diffuse,1.338137485183719
2029,1.6,21,zero_context,0,256,255,1,0.99609375,0.223851665854454,12.141472350293908,0.1816369891166687,0,2027,0,shorter_reach_diffuse,1.1180049877718012
2029,1.6,21,zero_context,1,256,254,2,0.9921875,0.1418638378381729,7.328281566906345,0.0928547605872154,1,2027,3,shorter_reach_selective,7.869601754319637
2029,1.6,21,zero_context,2,256,231,25,0.90234375,0.3530831038951874,19.728154197482965,0.3618809729814529,2,2027,2,longer_reach_selective,8.846357947153985
2029,1.6,21,zero_context,3,256,255,1,0.99609375,0.2246097028255462,12.185973792166518,0.3089543431997299,3,2027,1,longer_reach_diffuse,1.338137485183719
