problem,seed,method,cfl,samples,successes,failures,success_rate,sequential_steps,flux_evaluations,timing_samples,median_l1_successful,median_l2_successful,median_linf_successful,mean_conservation_error,wall_clock_seconds,median_realized_cfl,max_realized_cfl,nonpositive_depth_count,median_depth_l2,median_discharge_l2
burgers_1d,2027,Parameter-matched ordered-stencil MLP,0.4,256,256,0,1.0,84,84,8,0.0272376853972673,0.0704906769096851,0.7379220426082611,1.804391956738982e-06,0.0432467020582407,0.4411886930465698,0.8094747066497803,0,,
burgers_1d,2027,Parameter-matched ordered-stencil MLP,0.8,256,256,0,1.0,42,42,8,0.0173081727698445,0.0307031758129596,0.2514325976371765,2.098929172689168e-06,0.0218422419857233,0.863321840763092,60536.23828125,0,,
burgers_1d,2027,Parameter-matched ordered-stencil MLP,1.2,256,255,1,0.99609375,28,28,8,0.0180220119655132,0.0299237240105867,0.1976902484893798,1.0619774876235456e-06,0.0145851799752563,1.2749031782150269,1.7576789855957031,0,,
burgers_1d,2027,Parameter-matched ordered-stencil MLP,1.6,256,255,1,0.99609375,21,21,8,0.0201755110174417,0.0329445004463195,0.2420098781585693,9.003978644328776e-07,0.0109926289878785,1.8057565689086916,4.420365333557129,0,,
burgers_1d,2027,Parameter-matched ordered-stencil MLP,2.4,256,110,146,0.4296875,14,14,8,0.0867968797683715,0.2252320125699043,1.7267335653305054,0.0001868139807563,0.0073520941659808,5.091512441635132,566673.5625,0,,
burgers_1d,2027,Parameter-matched ordered-stencil MLP,2.8,256,37,219,0.14453125,12,12,8,50.68081665039063,385.2056274414063,3779.137939453125,0.0017370832045688,0.0063088331371545,8486.392578125,1171659.0,0,,
burgers_1d,2028,Parameter-matched ordered-stencil MLP,0.4,256,256,0,1.0,84,84,8,0.0481458324939012,0.0883790850639343,0.8330679535865784,1.7488462020764928e-06,0.0434515341185033,0.4625089168548584,1.3283135890960691,0,,
burgers_1d,2028,Parameter-matched ordered-stencil MLP,0.8,256,256,0,1.0,42,42,8,0.0251501016318798,0.0414302013814449,0.317559614777565,1.2424578770264816e-06,0.0217486931942403,0.8742036521434784,8.515244483947754,0,,
burgers_1d,2028,Parameter-matched ordered-stencil MLP,1.2,256,255,1,0.99609375,28,28,8,0.0224297083914279,0.0364004857838153,0.2673683166503906,1.1079093097827817e-06,0.014610419049859,1.306565761566162,2.1200881004333496,0,,
burgers_1d,2028,Parameter-matched ordered-stencil MLP,1.6,256,255,1,0.99609375,21,21,8,0.0255721062421798,0.0409935303032398,0.2633962631225586,2.103841075486522e-06,0.0109717659652233,1.87624192237854,6089.70751953125,0,,
burgers_1d,2028,Parameter-matched ordered-stencil MLP,2.4,256,24,232,0.09375,14,14,8,2.106829941272736,10.990234375,103.35801696777344,0.0007807561899729,0.0073378179222345,201.0173110961914,646022.3125,0,,
burgers_1d,2028,Parameter-matched ordered-stencil MLP,2.8,256,2,254,0.0078125,12,12,8,0.0588657259941101,0.1534279994666576,1.6549388766288755,1.2211967259645462e-07,0.0063539210241287,8.320635557174683,12.03944969177246,0,,
burgers_1d,2029,Parameter-matched ordered-stencil MLP,0.4,256,256,0,1.0,84,84,8,0.0472607240080833,0.104619812220335,1.053685426712036,1.8270548736154524e-06,0.043333037989214,0.4460562616586685,1.330524444580078,0,,
burgers_1d,2029,Parameter-matched ordered-stencil MLP,0.8,256,255,1,0.99609375,42,42,8,0.0286569762974977,0.0519109331071376,0.4967110157012939,1.2938237655451338e-06,0.0217209621332585,0.8464973568916321,1.1360546350479126,0,,
burgers_1d,2029,Parameter-matched ordered-stencil MLP,1.2,256,255,1,0.99609375,28,28,8,0.0230205245316028,0.0359540358185768,0.2603111267089844,9.794723511874383e-07,0.0145593918859958,1.271911859512329,2.009370803833008,0,,
burgers_1d,2029,Parameter-matched ordered-stencil MLP,1.6,256,255,1,0.99609375,21,21,8,0.0238363854587078,0.0365671813488006,0.2343293726444244,0.0003062421661632,0.0109295449219644,1.7880940437316897,444855.40625,0,,
burgers_1d,2029,Parameter-matched ordered-stencil MLP,2.4,256,60,196,0.234375,14,14,8,16.821513175964355,123.8269157409668,1425.0101318359375,0.0028653854116176,0.0073235009331256,2870.7169189453125,3274393.0,0,,
burgers_1d,2029,Parameter-matched ordered-stencil MLP,2.8,256,4,252,0.015625,12,12,8,0.2602550536394119,0.9878669679164886,8.425751209259033,1.8331047613173723e-06,0.0063063690904527,24.180065155029297,154.05967712402344,0,,
