cfl,state,predicted_flux_mean,physical_flux,absolute_consistency_error,gauge_offset_from_zero_state,gauge_corrected_consistency_error,learned_rankine_hugoniot_speed_1_to_0,relative_shock_speed_bias_percent
0.4,-1.5,2.456909418106079,1.125,1.331909418106079,1.3338137865066528,0.0019043684005737305,0.49175262451171875,-1.64947509765625
0.4,-1.4500000476837158,2.382672071456909,1.051250069141389,1.331421971321106,1.3338137865066528,0.0023917841911327287,0.49175262451171875,-1.64947509765625
0.4,-1.399999976158142,2.3110222816467285,0.9799999666213992,1.3310222625732422,1.3338137865066528,0.0027914714813235264,0.49175262451171875,-1.64947509765625
0.4,-1.350000023841858,2.2419559955596924,0.9112500321865085,1.3307058811187744,1.3338137865066528,0.003107823133468912,0.49175262451171875,-1.64947509765625
0.4,-1.2999999523162842,2.175468921661377,0.8449999380111706,1.330469012260437,1.3338137865066528,0.0033448028564464494,0.49175262451171875,-1.64947509765625
0.4,-1.25,2.111556053161621,0.78125,1.330306053161621,1.3338137865066528,0.0035077333450317383,0.49175262451171875,-1.64947509765625
0.4,-1.2000000476837158,2.05021071434021,0.7200000572204601,1.3302106857299805,1.3338137865066528,0.0036031293869029923,0.49175262451171875,-1.64947509765625
0.4,-1.149999976158142,1.9914278984069824,0.6612499725818637,1.330177903175354,1.3338137865066528,0.0036358606815340977,0.49175262451171875,-1.64947509765625
0.4,-1.100000023841858,1.9352017641067505,0.605000026226044,1.3302017450332642,1.3338137865066528,0.003612048625946329,0.49175262451171875,-1.64947509765625
0.4,-1.0499999523162842,1.881524920463562,0.5512499499320995,1.330275058746338,1.3338137865066528,0.003538815975190346,0.49175262451171875,-1.64947509765625
0.4,-1.0,1.8303916454315186,0.5,1.3303916454315186,1.3338137865066528,0.0034221410751342773,0.49175262451171875,-1.64947509765625
0.4,-0.949999988079071,1.7817946672439575,0.45124998867511756,1.3305447101593018,1.3338137865066528,0.0032691079378128762,0.49175262451171875,-1.64947509765625
0.4,-0.8999999761581421,1.7357277870178223,0.40499997854232817,1.3307278156280518,1.3338137865066528,0.0030859780311587315,0.49175262451171875,-1.64947509765625
0.4,-0.8499999642372131,1.6921839714050293,0.3612499696016318,1.3309340476989746,1.3338137865066528,0.002879784703255339,0.49175262451171875,-1.64947509765625
0.4,-0.800000011920929,1.6511573791503906,0.32000000953674324,1.3311573266983032,1.3338137865066528,0.002656416893005442,0.49175262451171875,-1.64947509765625
0.4,-0.75,1.6126415729522705,0.28125,1.3313915729522705,1.3338137865066528,0.0024222135543823242,0.49175262451171875,-1.64947509765625
0.4,-0.699999988079071,1.5766315460205078,0.2449999916553498,1.3316315412521362,1.3338137865066528,0.002182232141494822,0.49175262451171875,-1.64947509765625
0.4,-0.6499999761581421,1.5431218147277832,0.21124998450279264,1.3318718671798706,1.3338137865066528,0.0019419562816622715,0.49175262451171875,-1.64947509765625
0.4,-0.5999999642372131,1.5121088027954102,0.17999997854232852,1.3321088552474976,1.3338137865066528,0.0017049622535711961,0.49175262451171875,-1.64947509765625
0.4,-0.550000011920929,1.4835889339447021,0.151250006556511,1.3323389291763306,1.3338137865066528,0.00147485911846168,0.49175262451171875,-1.64947509765625
0.4,-0.5,1.4575594663619995,0.125,1.3325594663619995,1.3338137865066528,0.0012543201446533203,0.49175262451171875,-1.64947509765625
0.4,-0.44999998807907104,1.434018850326538,0.10124999463558204,1.3327689170837402,1.3338137865066528,0.0010449308156967874,0.49175262451171875,-1.64947509765625
0.4,-0.3999999761581421,1.4129645824432373,0.07999999046325712,1.332964539527893,1.3338137865066528,0.0008491945266726475,0.49175262451171875,-1.64947509765625
0.4,-0.3499999940395355,1.3943955898284912,0.06124999791383745,1.3331456184387207,1.3338137865066528,0.0006681945919990717,0.49175262451171875,-1.64947509765625
0.4,-0.29999998211860657,1.3783105611801147,0.04499999463558213,1.333310604095459,1.3338137865066528,0.000503219962120216,0.49175262451171875,-1.64947509765625
0.4,-0.2499999850988388,1.3647077083587646,0.031249996274709813,1.3334577083587646,1.3338137865066528,0.00035607442259799615,0.49175262451171875,-1.64947509765625
0.4,-0.19999998807907104,1.3535839319229126,0.01999999761581428,1.333583950996399,1.3338137865066528,0.00022985219955451441,0.49175262451171875,-1.64947509765625
0.4,-0.1499999761581421,1.3449370861053467,0.011249996423721598,1.3336870670318604,1.3338137865066528,0.00012669682502775004,0.49175262451171875,-1.64947509765625
0.4,-0.09999997913837433,1.3387632369995117,0.0049999979138376505,1.3337632417678833,1.3338137865066528,5.0547420978763746e-05,0.49175262451171875,-1.64947509765625
0.4,-0.04999997839331627,1.3350571393966675,0.0012499989196660469,1.333807110786438,1.3338137865066528,6.646029651398433e-06,0.49175262451171875,-1.64947509765625
0.4,-2.2351741790771484e-08,1.3338137865066528,2.498001805406602e-16,1.3338137865066528,1.3338137865066528,2.498001805406602e-16,0.49175262451171875,-1.64947509765625
0.4,0.04999997839331627,1.3350272178649902,0.0012499989196660469,1.3337771892547607,1.3338137865066528,3.656756132864453e-05,0.49175262451171875,-1.64947509765625
0.4,0.09999997913837433,1.338690996170044,0.0049999979138376505,1.3336910009384155,1.3338137865066528,0.00012278825044653718,0.49175262451171875,-1.64947509765625
0.4,0.1499999761581421,1.3447990417480469,0.011249996423721598,1.3335490226745605,1.3338137865066528,0.0002647411823275547,0.49175262451171875,-1.64947509765625
0.4,0.19999998807907104,1.3533461093902588,0.01999999761581428,1.3333461284637451,1.3338137865066528,0.000467674732208323,0.49175262451171875,-1.64947509765625
0.4,0.2499999850988388,1.3643282651901245,0.031249996274709813,1.3330782651901245,1.3338137865066528,0.0007355175912381329,0.49175262451171875,-1.64947509765625
0.4,0.29999998211860657,1.3777426481246948,0.04499999463558213,1.332742691040039,1.3338137865066528,0.001071133017540138,0.49175262451171875,-1.64947509765625
0.4,0.3499999940395355,1.3935892581939697,0.06124999791383745,1.3323392868041992,1.3338137865066528,0.001474526226520556,0.49175262451171875,-1.64947509765625
0.4,0.3999999761581421,1.4118707180023193,0.07999999046325712,1.331870675086975,1.3338137865066528,0.0019430589675906162,0.49175262451171875,-1.64947509765625
0.4,0.44999998807907104,1.4325919151306152,0.10124999463558204,1.3313419818878174,1.3338137865066528,0.002471866011619639,0.49175262451171875,-1.64947509765625
0.4,0.5,1.455761432647705,0.125,1.330761432647705,1.3338137865066528,0.003052353858947754,0.49175262451171875,-1.64947509765625
0.4,0.550000011920929,1.4813904762268066,0.151250006556511,1.330140471458435,1.3338137865066528,0.0036733168363571878,0.49175262451171875,-1.64947509765625
0.4,0.5999999642372131,1.5094935894012451,0.17999997854232852,1.3294936418533325,1.3338137865066528,0.004320175647736235,0.49175262451171875,-1.64947509765625
0.4,0.6499999761581421,1.5400874614715576,0.21124998450279264,1.328837513923645,1.3338137865066528,0.0049763095378878575,0.49175262451171875,-1.64947509765625
0.4,0.699999988079071,1.5731900930404663,0.2449999916553498,1.3281900882720947,1.3338137865066528,0.005623685121536326,0.49175262451171875,-1.64947509765625
0.4,0.75,1.608821153640747,0.28125,1.327571153640747,1.3338137865066528,0.006242632865905762,0.49175262451171875,-1.64947509765625
0.4,0.800000011920929,1.6470009088516235,0.32000000953674324,1.3270008563995361,1.3338137865066528,0.006812887191772532,0.49175262451171875,-1.64947509765625
0.4,0.8499999642372131,1.6877484321594238,0.3612499696016318,1.3264985084533691,1.3338137865066528,0.007315323948860808,0.49175262451171875,-1.64947509765625
0.4,0.8999999761581421,1.7310822010040283,0.40499997854232817,1.3260822296142578,1.3338137865066528,0.007731564044952677,0.49175262451171875,-1.64947509765625
0.4,0.949999988079071,1.7770169973373413,0.45124998867511756,1.3257670402526855,1.3338137865066528,0.008046777844429087,0.49175262451171875,-1.64947509765625
0.4,1.0,1.8255664110183716,0.5,1.3255664110183716,1.3338137865066528,0.00824737548828125,0.49175262451171875,-1.64947509765625
0.4,1.0499999523162842,1.876739263534546,0.5512499499320995,1.3254892826080322,1.3338137865066528,0.00832447290420646,0.49175262451171875,-1.64947509765625
0.4,1.100000023841858,1.9305416345596313,0.605000026226044,1.325541615486145,1.3338137865066528,0.00827217817306547,0.49175262451171875,-1.64947509765625
0.4,1.149999976158142,1.986973524093628,0.6612499725818637,1.3257235288619995,1.3338137865066528,0.00809023499488859,0.49175262451171875,-1.64947509765625
0.4,1.2000000476837158,2.046034336090088,0.7200000572204601,1.3260343074798584,1.3338137865066528,0.007779507637025063,0.49175262451171875,-1.64947509765625
0.4,1.25,2.1077160835266113,0.78125,1.3264660835266113,1.3338137865066528,0.007347702980041504,0.49175262451171875,-1.64947509765625
0.4,1.2999999523162842,2.172010898590088,0.8449999380111706,1.327010989189148,1.3338137865066528,0.006802825927735512,0.49175262451171875,-1.64947509765625
0.4,1.350000023841858,2.238905906677246,0.9112500321865085,1.3276557922363281,1.3338137865066528,0.006157912015915201,0.49175262451171875,-1.64947509765625
0.4,1.399999976158142,2.3083887100219727,0.9799999666213992,1.3283886909484863,1.3338137865066528,0.005425043106079386,0.49175262451171875,-1.64947509765625
0.4,1.4500000476837158,2.3804447650909424,1.051250069141389,1.3291946649551392,1.3338137865066528,0.0046190905570995255,0.49175262451171875,-1.64947509765625
0.4,1.5,2.4550604820251465,1.125,1.3300604820251465,1.3338137865066528,0.0037533044815063477,0.49175262451171875,-1.64947509765625
0.8,-1.5,2.502415180206299,1.125,1.3774151802062988,1.3773245811462402,9.059906005859375e-05,0.499758243560791,-0.048351287841796875
0.8,-1.4500000476837158,2.428365468978882,1.051250069141389,1.3771153688430786,1.3773245811462402,0.00020918130874747476,0.499758243560791,-0.048351287841796875
0.8,-1.399999976158142,2.356881618499756,0.9799999666213992,1.3768815994262695,1.3773245811462402,0.000442929267883585,0.499758243560791,-0.048351287841796875
0.8,-1.350000023841858,2.2879557609558105,0.9112500321865085,1.3767056465148926,1.3773245811462402,0.0006188523769381504,0.499758243560791,-0.048351287841796875
0.8,-1.2999999523162842,2.2215776443481445,0.8449999380111706,1.3765777349472046,1.3773245811462402,0.0007468748092662736,0.499758243560791,-0.048351287841796875
0.8,-1.25,2.1577372550964355,0.78125,1.3764872550964355,1.3773245811462402,0.0008373260498046875,0.499758243560791,-0.048351287841796875
0.8,-1.2000000476837158,2.096426010131836,0.7200000572204601,1.3764259815216064,1.3773245811462402,0.0008986282348644181,0.499758243560791,-0.048351287841796875
0.8,-1.149999976158142,2.0376358032226562,0.6612499725818637,1.3763858079910278,1.3773245811462402,0.0009387505054476719,0.499758243560791,-0.048351287841796875
0.8,-1.100000023841858,1.9813601970672607,0.605000026226044,1.3763601779937744,1.3773245811462402,0.0009644103050234776,0.499758243560791,-0.048351287841796875
0.8,-1.0499999523162842,1.9275935888290405,0.5512499499320995,1.3763437271118164,1.3773245811462402,0.0009809422492992326,0.499758243560791,-0.048351287841796875
0.8,-1.0,1.8763325214385986,0.5,1.3763325214385986,1.3773245811462402,0.0009920597076416016,0.499758243560791,-0.048351287841796875
0.8,-0.949999988079071,1.8275737762451172,0.45124998867511756,1.3763238191604614,1.3773245811462402,0.0010007935762406106,0.499758243560791,-0.048351287841796875
0.8,-0.8999999761581421,1.7813167572021484,0.40499997854232817,1.376316785812378,1.3773245811462402,0.001007802486419962,0.499758243560791,-0.048351287841796875
0.8,-0.8499999642372131,1.7375601530075073,0.3612499696016318,1.376310110092163,1.3773245811462402,0.0010143977403647142,0.499758243560791,-0.048351287841796875
0.8,-0.800000011920929,1.6963045597076416,0.32000000953674324,1.3763045072555542,1.3773245811462402,0.001020030975341868,0.499758243560791,-0.048351287841796875
0.8,-0.75,1.6575512886047363,0.28125,1.3763012886047363,1.3773245811462402,0.0010232925415039062,0.499758243560791,-0.048351287841796875
0.8,-0.699999988079071,1.6213011741638184,0.2449999916553498,1.3763011693954468,1.3773245811462402,0.0010233986377716775,0.499758243560791,-0.048351287841796875
0.8,-0.6499999761581421,1.587556004524231,0.21124998450279264,1.3763060569763184,1.3773245811462402,0.00101856112480192,0.499758243560791,-0.048351287841796875
0.8,-0.5999999642372131,1.5563175678253174,0.17999997854232852,1.3763176202774048,1.3773245811462402,0.001006991863251372,0.499758243560791,-0.048351287841796875
0.8,-0.550000011920929,1.527587890625,0.151250006556511,1.3763378858566284,1.3773245811462402,0.0009866970777512307,0.499758243560791,-0.048351287841796875
0.8,-0.5,1.501368761062622,0.125,1.376368761062622,1.3773245811462402,0.0009558200836181641,0.499758243560791,-0.048351287841796875
0.8,-0.44999998807907104,1.4776620864868164,0.10124999463558204,1.3764121532440186,1.3773245811462402,0.0009124892950058694,0.499758243560791,-0.048351287841796875
0.8,-0.3999999761581421,1.4564690589904785,0.07999999046325712,1.3764690160751343,1.3773245811462402,0.0008555126190188389,0.499758243560791,-0.048351287841796875
0.8,-0.3499999940395355,1.4377902746200562,0.06124999791383745,1.3765403032302856,1.3773245811462402,0.0007843044400215327,0.499758243560791,-0.048351287841796875
0.8,-0.29999998211860657,1.4216265678405762,0.04499999463558213,1.3766266107559204,1.3773245811462402,0.0006980079412461926,0.499758243560791,-0.048351287841796875
0.8,-0.2499999850988388,1.4079766273498535,0.031249996274709813,1.3767266273498535,1.3773245811462402,0.0005979500710965313,0.499758243560791,-0.048351287841796875
0.8,-0.19999998807907104,1.396838665008545,0.01999999761581428,1.3768386840820312,1.3773245811462402,0.00048591375350959254,0.499758243560791,-0.048351287841796875
0.8,-0.1499999761581421,1.3882097005844116,0.011249996423721598,1.3769596815109253,1.3773245811462402,0.000364876985550211,0.499758243560791,-0.048351287841796875
0.8,-0.09999997913837433,1.3820850849151611,0.0049999979138376505,1.3770850896835327,1.3773245811462402,0.00023949414491675203,0.499758243560791,-0.048351287841796875
0.8,-0.04999997839331627,1.378458857536316,0.0012499989196660469,1.3772088289260864,1.3773245811462402,0.00011572252959036328,0.499758243560791,-0.048351287841796875
0.8,-2.2351741790771484e-08,1.3773245811462402,2.498001805406602e-16,1.3773245811462402,1.3773245811462402,2.498001805406602e-16,0.499758243560791,-0.048351287841796875
0.8,0.04999997839331627,1.3786747455596924,0.0012499989196660469,1.377424716949463,1.3773245811462402,0.00010016549378610157,0.499758243560791,-0.048351287841796875
0.8,0.09999997913837433,1.3825024366378784,0.0049999979138376505,1.37750244140625,1.3773245811462402,0.00017785757780053313,0.499758243560791,-0.048351287841796875
0.8,0.1499999761581421,1.3888001441955566,0.011249996423721598,1.3775501251220703,1.3773245811462402,0.00022556662559480856,0.499758243560791,-0.048351287841796875
0.8,0.19999998807907104,1.3975626230239868,0.01999999761581428,1.3775626420974731,1.3773245811462402,0.000238044261932302,0.499758243560791,-0.048351287841796875
0.8,0.2499999850988388,1.4087855815887451,0.031249996274709813,1.3775355815887451,1.3773245811462402,0.00021100416779507025,0.499758243560791,-0.048351287841796875
0.8,0.29999998211860657,1.422467589378357,0.04499999463558213,1.3774676322937012,1.3773245811462402,0.00014301359653456913,0.499758243560791,-0.048351287841796875
0.8,0.3499999940395355,1.438610315322876,0.06124999791383745,1.3773603439331055,1.3773245811462402,3.573626279829156e-05,0.499758243560791,-0.048351287841796875
0.8,0.3999999761581421,1.4572184085845947,0.07999999046325712,1.3772183656692505,1.3773245811462402,0.00010616302490262797,0.499758243560791,-0.048351287841796875
0.8,0.44999998807907104,1.4782990217208862,0.10124999463558204,1.3770489692687988,1.3773245811462402,0.0002755540609360452,0.499758243560791,-0.048351287841796875
0.8,0.5,1.5018638372421265,0.125,1.3768638372421265,1.3773245811462402,0.00046074390411376953,0.499758243560791,-0.048351287841796875
0.8,0.550000011920929,1.5279253721237183,0.151250006556511,1.3766753673553467,1.3773245811462402,0.000649215579032969,0.499758243560791,-0.048351287841796875
0.8,0.5999999642372131,1.5564987659454346,0.17999997854232852,1.376498818397522,1.3773245811462402,0.0008257937431341844,0.499758243560791,-0.048351287841796875
0.8,0.6499999761581421,1.587599754333496,0.21124998450279264,1.3763498067855835,1.3773245811462402,0.0009748113155367832,0.499758243560791,-0.048351287841796875
0.8,0.699999988079071,1.621243953704834,0.2449999916553498,1.3762439489364624,1.3773245811462402,0.0010806190967560525,0.499758243560791,-0.048351287841796875
0.8,0.75,1.6574455499649048,0.28125,1.3761955499649048,1.3773245811462402,0.0011290311813354492,0.499758243560791,-0.048351287841796875
0.8,0.800000011920929,1.696216106414795,0.32000000953674324,1.3762160539627075,1.3773245811462402,0.0011084842681885476,0.499758243560791,-0.048351287841796875
0.8,0.8499999642372131,1.7375638484954834,0.3612499696016318,1.3763139247894287,1.3773245811462402,0.00101070225238864,0.499758243560791,-0.048351287841796875
0.8,0.8999999761581421,1.781491994857788,0.40499997854232817,1.3764920234680176,1.3773245811462402,0.0008325648307803135,0.499758243560791,-0.048351287841796875
0.8,0.949999988079071,1.828000545501709,0.45124998867511756,1.3767505884170532,1.3773245811462402,0.0005740243196488137,0.499758243560791,-0.048351287841796875
0.8,1.0,1.8770828247070312,0.5,1.3770828247070312,1.3773245811462402,0.00024175643920898438,0.499758243560791,-0.048351287841796875
0.8,1.0499999523162842,1.9287277460098267,0.5512499499320995,1.3774778842926025,1.3773245811462402,0.00015321493148690024,0.499758243560791,-0.048351287841796875
0.8,1.100000023841858,1.9829204082489014,0.605000026226044,1.377920389175415,1.3773245811462402,0.0005958008766171474,0.499758243560791,-0.048351287841796875
0.8,1.149999976158142,2.0396416187286377,0.6612499725818637,1.3783916234970093,1.3773245811462402,0.0010670650005337734,0.499758243560791,-0.048351287841796875
0.8,1.2000000476837158,2.0988693237304688,0.7200000572204601,1.3788692951202393,1.3773245811462402,0.0015446853637683944,0.499758243560791,-0.048351287841796875
0.8,1.25,2.1605801582336426,0.78125,1.3793301582336426,1.3773245811462402,0.0020055770874023438,0.499758243560791,-0.048351287841796875
0.8,1.2999999523162842,2.2247519493103027,0.8449999380111706,1.3797520399093628,1.3773245811462402,0.0024274301528919295,0.499758243560791,-0.048351287841796875
0.8,1.350000023841858,2.2913622856140137,0.9112500321865085,1.3801121711730957,1.3773245811462402,0.0027876722812649746,0.499758243560791,-0.048351287841796875
0.8,1.399999976158142,2.360391855239868,0.9799999666213992,1.3803918361663818,1.3773245811462402,0.0030673074722287197,0.499758243560791,-0.048351287841796875
0.8,1.4500000476837158,2.431825876235962,1.051250069141389,1.3805757761001587,1.3773245811462402,0.0032512259483326034,0.499758243560791,-0.048351287841796875
0.8,1.5,2.505652904510498,1.125,1.380652904510498,1.3773245811462402,0.0033283233642578125,0.499758243560791,-0.048351287841796875
1.2,-1.5,2.550532341003418,1.125,1.425532341003418,1.4185937643051147,0.006938576698303223,0.5028111934661865,0.5622386932373047
1.2,-1.4500000476837158,2.4758145809173584,1.051250069141389,1.4245644807815552,1.4185937643051147,0.005970747470854576,0.5028111934661865,0.5622386932373047
1.2,-1.399999976158142,2.4037160873413086,0.9799999666213992,1.4237160682678223,1.4185937643051147,0.005122356414794638,0.5028111934661865,0.5622386932373047
1.2,-1.350000023841858,2.334230899810791,0.9112500321865085,1.422980785369873,1.4185937643051147,0.004387103319167807,0.5028111934661865,0.5622386932373047
1.2,-1.2999999523162842,2.267348289489746,0.8449999380111706,1.4223483800888062,1.4185937643051147,0.003754587173460777,0.5028111934661865,0.5622386932373047
1.2,-1.25,2.2030577659606934,0.78125,1.4218077659606934,1.4185937643051147,0.0032140016555786133,0.5028111934661865,0.5622386932373047
1.2,-1.2000000476837158,2.141345977783203,0.7200000572204601,1.4213459491729736,1.4185937643051147,0.0027521562576282577,0.5028111934661865,0.5622386932373047
1.2,-1.149999976158142,2.082200050354004,0.6612499725818637,1.4209500551223755,1.4185937643051147,0.0023563134670254726,0.5028111934661865,0.5622386932373047
1.2,-1.100000023841858,2.0256080627441406,0.605000026226044,1.4206080436706543,1.4185937643051147,0.0020142722129818935,0.5028111934661865,0.5622386932373047
1.2,-1.0499999523162842,1.9715571403503418,0.5512499499320995,1.4203071594238281,1.4185937643051147,0.0017134261131275252,0.5028111934661865,0.5622386932373047
1.2,-1.0,1.9200388193130493,0.5,1.4200388193130493,1.4185937643051147,0.0014450550079345703,0.5028111934661865,0.5622386932373047
1.2,-0.949999988079071,1.8710435628890991,0.45124998867511756,1.4197936058044434,1.4185937643051147,0.0011998099088668113,0.5028111934661865,0.5622386932373047
1.2,-0.8999999761581421,1.8245666027069092,0.40499997854232817,1.4195666313171387,1.4185937643051147,0.0009728598594662685,0.5028111934661865,0.5622386932373047
1.2,-0.8499999642372131,1.7806034088134766,0.3612499696016318,1.4193534851074219,1.4185937643051147,0.0007596749067300124,0.5028111934661865,0.5622386932373047
1.2,-0.800000011920929,1.7391518354415894,0.32000000953674324,1.419151782989502,1.4185937643051147,0.0005580615997313743,0.5028111934661865,0.5622386932373047
1.2,-0.75,1.7002118825912476,0.28125,1.4189618825912476,1.4185937643051147,0.0003681182861328125,0.5028111934661865,0.5622386932373047
1.2,-0.699999988079071,1.6637835502624512,0.2449999916553498,1.4187835454940796,1.4185937643051147,0.00018979430198662328,0.5028111934661865,0.5622386932373047
1.2,-0.6499999761581421,1.6298686265945435,0.21124998450279264,1.4186186790466309,1.4185937643051147,2.4877786636068322e-05,0.5028111934661865,0.5622386932373047
1.2,-0.5999999642372131,1.5984691381454468,0.17999997854232852,1.4184691905975342,1.4185937643051147,0.0001246047019964891,0.5028111934661865,0.5622386932373047
1.2,-0.550000011920929,1.5695875883102417,0.151250006556511,1.4183375835418701,1.4185937643051147,0.0002561825513840432,0.5028111934661865,0.5622386932373047
1.2,-0.5,1.5432264804840088,0.125,1.4182264804840088,1.4185937643051147,0.00036728382110595703,0.5028111934661865,0.5622386932373047
1.2,-0.44999998807907104,1.5193877220153809,0.10124999463558204,1.418137788772583,1.4185937643051147,0.000456036925315928,0.5028111934661865,0.5622386932373047
1.2,-0.3999999761581421,1.4980747699737549,0.07999999046325712,1.4180747270584106,1.4185937643051147,0.0005189847946169834,0.5028111934661865,0.5622386932373047
1.2,-0.3499999940395355,1.479289174079895,0.06124999791383745,1.4180392026901245,1.4185937643051147,0.0005545881390571772,0.5028111934661865,0.5622386932373047
1.2,-0.29999998211860657,1.4630329608917236,0.04499999463558213,1.4180330038070679,1.4185937643051147,0.0005607980489732434,0.5028111934661865,0.5622386932373047
1.2,-0.2499999850988388,1.4493072032928467,0.031249996274709813,1.4180572032928467,1.4185937643051147,0.000536557286977879,0.5028111934661865,0.5622386932373047
1.2,-0.19999998807907104,1.4381117820739746,0.01999999761581428,1.418111801147461,1.4185937643051147,0.00048197984695441676,0.5028111934661865,0.5622386932373047
1.2,-0.1499999761581421,1.4294458627700806,0.011249996423721598,1.4181958436965942,1.4185937643051147,0.0003978979587557774,0.5028111934661865,0.5622386932373047
1.2,-0.09999997913837433,1.423306941986084,0.0049999979138376505,1.4183069467544556,1.4185937643051147,0.0002868202328684122,0.5028111934661865,0.5622386932373047
1.2,-0.04999997839331627,1.4196913242340088,0.0012499989196660469,1.4184412956237793,1.4185937643051147,0.0001524389907720039,0.5028111934661865,0.5622386932373047
1.2,-2.2351741790771484e-08,1.4185937643051147,2.498001805406602e-16,1.4185937643051147,1.4185937643051147,2.498001805406602e-16,0.5028111934661865,0.5622386932373047
1.2,0.04999997839331627,1.4200077056884766,0.0012499989196660469,1.418757677078247,1.4185937643051147,0.00016394246369576954,0.5028111934661865,0.5622386932373047
1.2,0.09999997913837433,1.423926591873169,0.0049999979138376505,1.4189265966415405,1.4185937643051147,0.00033282965421654875,0.5028111934661865,0.5622386932373047
1.2,0.1499999761581421,1.4303436279296875,0.011249996423721598,1.4190936088562012,1.4185937643051147,0.0004998672008511562,0.5028111934661865,0.5622386932373047
1.2,0.19999998807907104,1.4392523765563965,0.01999999761581428,1.4192523956298828,1.4185937643051147,0.0006586146354674582,0.5028111934661865,0.5622386932373047
1.2,0.2499999850988388,1.4506478309631348,0.031249996274709813,1.4193978309631348,1.4185937643051147,0.000804070383310207,0.5028111934661865,0.5622386932373047
1.2,0.29999998211860657,1.4645276069641113,0.04499999463558213,1.4195276498794556,1.4185937643051147,0.0009338480234144519,0.5028111934661865,0.5622386932373047
1.2,0.3499999940395355,1.4808905124664307,0.06124999791383745,1.4196405410766602,1.4185937643051147,0.0010467502474784673,0.5028111934661865,0.5622386932373047
1.2,0.3999999761581421,1.499739170074463,0.07999999046325712,1.4197391271591187,1.4185937643051147,0.0011454153060910244,0.5028111934661865,0.5622386932373047
1.2,0.44999998807907104,1.5210773944854736,0.10124999463558204,1.4198274612426758,1.4185937643051147,0.0012336355447768454,0.5028111934661865,0.5622386932373047
1.2,0.5,1.5449120998382568,0.125,1.4199120998382568,1.4185937643051147,0.0013183355331420898,0.5028111934661865,0.5622386932373047
1.2,0.550000011920929,1.5712507963180542,0.151250006556511,1.4200007915496826,1.4185937643051147,0.0014070254564284568,0.5028111934661865,0.5622386932373047
1.2,0.5999999642372131,1.6001009941101074,0.17999997854232852,1.4201010465621948,1.4185937643051147,0.0015072512626641554,0.5028111934661865,0.5622386932373047
1.2,0.6499999761581421,1.6314696073532104,0.21124998450279264,1.4202196598052979,1.4185937643051147,0.0016258585453030605,0.5028111934661865,0.5622386932373047
1.2,0.699999988079071,1.665360927581787,0.2449999916553498,1.4203609228134155,1.4185937643051147,0.0017671716213225608,0.5028111934661865,0.5622386932373047
1.2,0.75,1.701775312423706,0.28125,1.420525312423706,1.4185937643051147,0.0019315481185913086,0.5028111934661865,0.5622386932373047
1.2,0.800000011920929,1.740709900856018,0.32000000953674324,1.4207098484039307,1.4185937643051147,0.002116127014160085,0.5028111934661865,0.5622386932373047
1.2,0.8499999642372131,1.782156229019165,0.3612499696016318,1.4209063053131104,1.4185937643051147,0.002312495112418489,0.5028111934661865,0.5622386932373047
1.2,0.8999999761581421,1.8261008262634277,0.40499997854232817,1.4211008548736572,1.4185937643051147,0.002507083415984823,0.5028111934661865,0.5622386932373047
1.2,0.949999988079071,1.872524380683899,0.45124998867511756,1.4212744235992432,1.4185937643051147,0.002680627703666616,0.5028111934661865,0.5622386932373047
1.2,1.0,1.9214049577713013,0.5,1.4214049577713013,1.4185937643051147,0.0028111934661865234,0.5028111934661865,0.5622386932373047
1.2,1.0499999523162842,1.9727157354354858,0.5512499499320995,1.4214658737182617,1.4185937643051147,0.002872021198271568,0.5028111934661865,0.5622386932373047
1.2,1.100000023841858,2.026428461074829,0.605000026226044,1.4214284420013428,1.4185937643051147,0.00283467054367037,0.5028111934661865,0.5622386932373047
1.2,1.149999976158142,2.0825142860412598,0.6612499725818637,1.4212642908096313,1.4185937643051147,0.002670549154281332,0.5028111934661865,0.5622386932373047
1.2,1.2000000476837158,2.140946626663208,0.7200000572204601,1.4209465980529785,1.4185937643051147,0.0023528051376331405,0.5028111934661865,0.5622386932373047
1.2,1.25,2.2016990184783936,0.78125,1.4204490184783936,1.4185937643051147,0.0018552541732788086,0.5028111934661865,0.5622386932373047
1.2,1.2999999523162842,2.2647523880004883,0.8449999380111706,1.4197524785995483,1.4185937643051147,0.0011586856842029647,0.5028111934661865,0.5622386932373047
1.2,1.350000023841858,2.3300907611846924,0.9112500321865085,1.4188406467437744,1.4185937643051147,0.0002469646930691738,0.5028111934661865,0.5622386932373047
1.2,1.399999976158142,2.397705554962158,0.9799999666213992,1.4177055358886719,1.4185937643051147,0.000888175964355753,0.5028111934661865,0.5622386932373047
1.2,1.4500000476837158,2.467595100402832,1.051250069141389,1.4163450002670288,1.4185937643051147,0.002248733043671791,0.5028111934661865,0.5622386932373047
1.2,1.5,2.539764404296875,1.125,1.414764404296875,1.4185937643051147,0.003829360008239746,0.5028111934661865,0.5622386932373047
1.6,-1.5,2.605231285095215,1.125,1.4802312850952148,1.4577643871307373,0.02246689796447754,0.5010342597961426,0.20685195922851562
1.6,-1.4500000476837158,2.528965473175049,1.051250069141389,1.4777153730392456,1.4577643871307373,0.019951016902922447,0.5010342597961426,0.20685195922851562
1.6,-1.399999976158142,2.4553604125976562,0.9799999666213992,1.47536039352417,1.4577643871307373,0.017596058845519735,0.5010342597961426,0.20685195922851562
1.6,-1.350000023841858,2.384428024291992,0.9112500321865085,1.4731779098510742,1.4577643871307373,0.01541360497474642,0.5010342597961426,0.20685195922851562
1.6,-1.2999999523162842,2.3161771297454834,0.8449999380111706,1.4711772203445435,1.4577643871307373,0.013412804603575523,0.5010342597961426,0.20685195922851562
1.6,-1.25,2.2506089210510254,0.78125,1.4693589210510254,1.4577643871307373,0.011594533920288086,0.5010342597961426,0.20685195922851562
1.6,-1.2000000476837158,2.187722682952881,0.7200000572204601,1.4677226543426514,1.4577643871307373,0.009958238601683433,0.5010342597961426,0.20685195922851562
1.6,-1.149999976158142,2.127512216567993,0.6612499725818637,1.4662622213363647,1.4577643871307373,0.008497856855392172,0.5010342597961426,0.20685195922851562
1.6,-1.100000023841858,2.069967746734619,0.605000026226044,1.4649677276611328,1.4577643871307373,0.0072033333778378505,0.5010342597961426,0.20685195922851562
1.6,-1.0499999523162842,2.015077829360962,0.5512499499320995,1.4638278484344482,1.4577643871307373,0.006063492298125084,0.5010342597961426,0.20685195922851562
1.6,-1.0,1.9628297090530396,0.5,1.4628297090530396,1.4577643871307373,0.005065321922302246,0.5010342597961426,0.20685195922851562
1.6,-0.949999988079071,1.9132088422775269,0.45124998867511756,1.461958885192871,1.4577643871307373,0.004194466471671987,0.5010342597961426,0.20685195922851562
1.6,-0.8999999761581421,1.8662025928497314,0.40499997854232817,1.461202621459961,1.4577643871307373,0.0034382271766659755,0.5010342597961426,0.20685195922851562
1.6,-0.8499999642372131,1.8217980861663818,0.3612499696016318,1.4605481624603271,1.4577643871307373,0.002783729434012727,0.5010342597961426,0.20685195922851562
1.6,-0.800000011920929,1.7799839973449707,0.32000000953674324,1.4599839448928833,1.4577643871307373,0.0022196006774901633,0.5010342597961426,0.20685195922851562
1.6,-0.75,1.7407503128051758,0.28125,1.4595003128051758,1.4577643871307373,0.0017359256744384766,0.5010342597961426,0.20685195922851562
1.6,-0.699999988079071,1.704087495803833,0.2449999916553498,1.4590874910354614,1.4577643871307373,0.0013231170177459006,0.5010342597961426,0.20685195922851562
1.6,-0.6499999761581421,1.669987678527832,0.21124998450279264,1.4587377309799194,1.4577643871307373,0.000973306894302084,0.5010342597961426,0.20685195922851562
1.6,-0.5999999642372131,1.6384433507919312,0.17999997854232852,1.4584434032440186,1.4577643871307373,0.0006789851188653273,0.5010342597961426,0.20685195922851562
1.6,-0.550000011920929,1.609447717666626,0.151250006556511,1.4581977128982544,1.4577643871307373,0.00043332397937767553,0.5010342597961426,0.20685195922851562
1.6,-0.5,1.5829942226409912,0.125,1.4579942226409912,1.4577643871307373,0.00022983551025390625,0.5010342597961426,0.20685195922851562
1.6,-0.44999998807907104,1.559077262878418,0.10124999463558204,1.4578273296356201,1.4577643871307373,6.28811120986228e-05,0.5010342597961426,0.20685195922851562
1.6,-0.3999999761581421,1.537693738937378,0.07999999046325712,1.4576936960220337,1.4577643871307373,7.063865661649515e-05,0.5010342597961426,0.20685195922851562
1.6,-0.3499999940395355,1.5188403129577637,0.06124999791383745,1.4575903415679932,1.4577643871307373,0.00017407208681108344,0.5010342597961426,0.20685195922851562
1.6,-0.29999998211860657,1.5025155544281006,0.04499999463558213,1.4575155973434448,1.4577643871307373,0.00024882733821884884,0.5010342597961426,0.20685195922851562
1.6,-0.2499999850988388,1.4887207746505737,0.031249996274709813,1.4574707746505737,1.4577643871307373,0.0002936087548733868,0.5010342597961426,0.20685195922851562
1.6,-0.19999998807907104,1.4774569272994995,0.01999999761581428,1.4574569463729858,1.4577643871307373,0.000307457447052073,0.5010342597961426,0.20685195922851562
1.6,-0.1499999761581421,1.4687272310256958,0.011249996423721598,1.4574772119522095,1.4577643871307373,0.0002871525287631016,0.5010342597961426,0.20685195922851562
1.6,-0.09999997913837433,1.4625341892242432,0.0049999979138376505,1.4575341939926147,1.4577643871307373,0.0002301958203317911,0.5010342597961426,0.20685195922851562
1.6,-0.04999997839331627,1.4588797092437744,0.0012499989196660469,1.457629680633545,1.4577643871307373,0.0001346768066289375,0.5010342597961426,0.20685195922851562
1.6,-2.2351741790771484e-08,1.4577643871307373,2.498001805406602e-16,1.4577643871307373,1.4577643871307373,2.498001805406602e-16,0.5010342597961426,0.20685195922851562
1.6,0.04999997839331627,1.4591865539550781,0.0012499989196660469,1.4579365253448486,1.4577643871307373,0.00017216790467477344,0.5010342597961426,0.20685195922851562
1.6,0.09999997913837433,1.463143229484558,0.0049999979138376505,1.4581432342529297,1.4577643871307373,0.0003788444399831503,0.5010342597961426,0.20685195922851562
1.6,0.1499999761581421,1.4696282148361206,0.011249996423721598,1.4583781957626343,1.4577643871307373,0.0006138312816617031,0.5010342597961426,0.20685195922851562
1.6,0.19999998807907104,1.4786345958709717,0.01999999761581428,1.458634614944458,1.4577643871307373,0.000870211124420095,0.5010342597961426,0.20685195922851562
1.6,0.2499999850988388,1.4901537895202637,0.031249996274709813,1.4589037895202637,1.4577643871307373,0.0011394061148165546,0.5010342597961426,0.20685195922851562
1.6,0.29999998211860657,1.5041770935058594,0.04499999463558213,1.4591771364212036,1.4577643871307373,0.0014127117395399402,0.5010342597961426,0.20685195922851562
1.6,0.3499999940395355,1.5206962823867798,0.06124999791383745,1.4594463109970093,1.4577643871307373,0.0016818973422050298,0.5010342597961426,0.20685195922851562
1.6,0.3999999761581421,1.539703369140625,0.07999999046325712,1.4597033262252808,1.4577643871307373,0.0019389915466305752,0.5010342597961426,0.20685195922851562
1.6,0.44999998807907104,1.5611920356750488,0.10124999463558204,1.459942102432251,1.4577643871307373,0.002177653908729482,0.5010342597961426,0.20685195922851562
1.6,0.5,1.5851562023162842,0.125,1.4601562023162842,1.4577643871307373,0.002391815185546875,0.5010342597961426,0.20685195922851562
1.6,0.550000011920929,1.6115901470184326,0.151250006556511,1.460340142250061,1.4577643871307373,0.002575753331184316,0.5010342597961426,0.20685195922851562
1.6,0.5999999642372131,1.6404879093170166,0.17999997854232852,1.460487961769104,1.4577643871307373,0.0027235436439507765,0.5010342597961426,0.20685195922851562
1.6,0.6499999761581421,1.6718416213989258,0.21124998450279264,1.4605916738510132,1.4577643871307373,0.002827249765395834,0.5010342597961426,0.20685195922851562
1.6,0.699999988079071,1.705641269683838,0.2449999916553498,1.4606412649154663,1.4577643871307373,0.0028768908977507834,0.5010342597961426,0.20685195922851562
1.6,0.75,1.7418732643127441,0.28125,1.4606232643127441,1.4577643871307373,0.002858877182006836,0.5010342597961426,0.20685195922851562
1.6,0.800000011920929,1.7805203199386597,0.32000000953674324,1.4605202674865723,1.4577643871307373,0.002755923271179128,0.5010342597961426,0.20685195922851562
1.6,0.8499999642372131,1.8215618133544922,0.3612499696016318,1.4603118896484375,1.4577643871307373,0.0025474566221230788,0.5010342597961426,0.20685195922851562
1.6,0.8999999761581421,1.8649734258651733,0.40499997854232817,1.4599734544754028,1.4577643871307373,0.00220906019210787,0.5010342597961426,0.20685195922851562
1.6,0.949999988079071,1.9107284545898438,0.45124998867511756,1.459478497505188,1.4577643871307373,0.0017140787839888816,0.5010342597961426,0.20685195922851562
1.6,1.0,1.9587986469268799,0.5,1.4587986469268799,1.4577643871307373,0.0010342597961425781,0.5010342597961426,0.20685195922851562
1.6,1.0499999523162842,2.0091567039489746,0.5512499499320995,1.457906723022461,1.4577643871307373,0.00014236688613777915,0.5010342597961426,0.20685195922851562
1.6,1.100000023841858,2.0617761611938477,0.605000026226044,1.4567761421203613,1.4577643871307373,0.0009882521629336338,0.5010342597961426,0.20685195922851562
1.6,1.149999976158142,2.116633892059326,0.6612499725818637,1.4553838968276978,1.4577643871307373,0.0023804676532748203,0.5010342597961426,0.20685195922851562
1.6,1.2000000476837158,2.173712730407715,0.7200000572204601,1.4537127017974854,1.4577643871307373,0.004051713943482582,0.5010342597961426,0.20685195922851562
1.6,1.25,2.2330002784729004,0.78125,1.4517502784729004,1.4577643871307373,0.006014108657836914,0.5010342597961426,0.20685195922851562
1.6,1.2999999523162842,2.2944908142089844,0.8449999380111706,1.4494909048080444,1.4577643871307373,0.0082735109329235,0.5010342597961426,0.20685195922851562
1.6,1.350000023841858,2.3581864833831787,0.9112500321865085,1.4469363689422607,1.4577643871307373,0.010827935934067057,0.5010342597961426,0.20685195922851562
1.6,1.399999976158142,2.4240963459014893,0.9799999666213992,1.444096326828003,1.4577643871307373,0.013668007850647257,0.5010342597961426,0.20685195922851562
1.6,1.4500000476837158,2.4922356605529785,1.051250069141389,1.4409855604171753,1.4577643871307373,0.016778795719147865,0.5010342597961426,0.20685195922851562
1.6,1.5,2.5626285076141357,1.125,1.4376285076141357,1.4577643871307373,0.020135879516601562,0.5010342597961426,0.20685195922851562
2.4,-1.5,2.7363662719726562,1.125,1.6113662719726562,1.5304354429244995,0.08093082904815674,0.48734843730926514,-2.5303125381469727
2.4,-1.4500000476837158,2.655791759490967,1.051250069141389,1.6045416593551636,1.5304354429244995,0.07410624742507821,0.48734843730926514,-2.5303125381469727
2.4,-1.399999976158142,2.5777268409729004,0.9799999666213992,1.597726821899414,1.5304354429244995,0.06729143142700167,0.48734843730926514,-2.5303125381469727
2.4,-1.350000023841858,2.5022389888763428,0.9112500321865085,1.5909888744354248,1.5304354429244995,0.0605535137653348,0.48734843730926514,-2.5303125381469727
2.4,-1.2999999523162842,2.4293971061706543,0.8449999380111706,1.5843971967697144,1.5304354429244995,0.053961725234984215,0.48734843730926514,-2.5303125381469727
2.4,-1.25,2.3592705726623535,0.78125,1.5780205726623535,1.5304354429244995,0.047585129737854004,0.48734843730926514,-2.5303125381469727
2.4,-1.2000000476837158,2.291922092437744,0.7200000572204601,1.5719220638275146,1.5304354429244995,0.04148659229278451,0.48734843730926514,-2.5303125381469727
2.4,-1.149999976158142,2.227412223815918,0.6612499725818637,1.5661622285842896,1.5304354429244995,0.03572680830955477,0.48734843730926514,-2.5303125381469727
2.4,-1.100000023841858,2.1657917499542236,0.605000026226044,1.5607917308807373,1.5304354429244995,0.030356280803680136,0.48734843730926514,-2.5303125381469727
2.4,-1.0499999523162842,2.107102632522583,0.5512499499320995,1.5558526515960693,1.5304354429244995,0.02541723966598397,0.48734843730926514,-2.5303125381469727
2.4,-1.0,2.051377296447754,0.5,1.551377296447754,1.5304354429244995,0.020941853523254395,0.48734843730926514,-2.5303125381469727
2.4,-0.949999988079071,1.9986350536346436,0.45124998867511756,1.5473850965499878,1.5304354429244995,0.01694962203502648,0.48734843730926514,-2.5303125381469727
2.4,-0.8999999761581421,1.9488856792449951,0.40499997854232817,1.5438857078552246,1.5304354429244995,0.01345025777816744,0.48734843730926514,-2.5303125381469727
2.4,-0.8499999642372131,1.9021260738372803,0.3612499696016318,1.5408761501312256,1.5304354429244995,0.010440661311148958,0.48734843730926514,-2.5303125381469727
2.4,-0.800000011920929,1.8583447933197021,0.32000000953674324,1.5383447408676147,1.5304354429244995,0.007909340858459402,0.48734843730926514,-2.5303125381469727
2.4,-0.75,1.8175190687179565,0.28125,1.5362690687179565,1.5304354429244995,0.005833625793457031,0.48734843730926514,-2.5303125381469727
2.4,-0.699999988079071,1.7796180248260498,0.2449999916553498,1.5346180200576782,1.5304354429244995,0.0041825902462004905,0.48734843730926514,-2.5303125381469727
2.4,-0.6499999761581421,1.7446026802062988,0.21124998450279264,1.5333527326583862,1.5304354429244995,0.002917252779006674,0.48734843730926514,-2.5303125381469727
2.4,-0.5999999642372131,1.7124263048171997,0.17999997854232852,1.532426357269287,1.5304354429244995,0.001990883350371675,0.48734843730926514,-2.5303125381469727
2.4,-0.550000011920929,1.6830358505249023,0.151250006556511,1.5317858457565308,1.5304354429244995,0.0013504010438918357,0.48734843730926514,-2.5303125381469727
2.4,-0.5,1.6563740968704224,0.125,1.5313740968704224,1.5304354429244995,0.0009386539459228516,0.48734843730926514,-2.5303125381469727
2.4,-0.44999998807907104,1.632380723953247,0.10124999463558204,1.5311307907104492,1.5304354429244995,0.0006952863931655173,0.48734843730926514,-2.5303125381469727
2.4,-0.3999999761581421,1.6109981536865234,0.07999999046325712,1.5309981107711792,1.5304354429244995,0.0005627202987668056,0.48734843730926514,-2.5303125381469727
2.4,-0.3499999940395355,1.5921733379364014,0.06124999791383745,1.5309233665466309,1.5304354429244995,0.00048789709806440484,0.48734843730926514,-2.5303125381469727
2.4,-0.29999998211860657,1.5758657455444336,0.04499999463558213,1.5308657884597778,1.5304354429244995,0.00043030798435195194,0.48734843730926514,-2.5303125381469727
2.4,-0.2499999850988388,1.5620473623275757,0.031249996274709813,1.5307973623275757,1.5304354429244995,0.0003619231283663593,0.48734843730926514,-2.5303125381469727
2.4,-0.19999998807907104,1.5507075786590576,0.01999999761581428,1.530707597732544,1.5304354429244995,0.00027213811874382543,0.48734843730926514,-2.5303125381469727
2.4,-0.1499999761581421,1.5418524742126465,0.011249996423721598,1.5306024551391602,1.5304354429244995,0.00016703486442537496,0.48734843730926514,-2.5303125381469727
2.4,-0.09999997913837433,1.5355017185211182,0.0049999979138376505,1.5305017232894897,1.5304354429244995,6.627768278100188e-05,0.48734843730926514,-2.5303125381469727
2.4,-0.04999997839331627,1.5316855907440186,0.0012499989196660469,1.530435562133789,1.5304354429244995,1.4889985299609831e-07,0.48734843730926514,-2.5303125381469727
2.4,-2.2351741790771484e-08,1.5304354429244995,2.498001805406602e-16,1.5304354429244995,1.5304354429244995,2.498001805406602e-16,0.48734843730926514,-2.5303125381469727
2.4,0.04999997839331627,1.5317801237106323,0.0012499989196660469,1.5305300951004028,1.5304354429244995,9.468186646676563e-05,0.48734843730926514,-2.5303125381469727
2.4,0.09999997913837433,1.5357367992401123,0.0049999979138376505,1.5307368040084839,1.5304354429244995,0.0003013584017751425,0.48734843730926514,-2.5303125381469727
2.4,0.1499999761581421,1.5423080921173096,0.011249996423721598,1.5310580730438232,1.5304354429244995,0.0006226527690884609,0.48734843730926514,-2.5303125381469727
2.4,0.19999998807907104,1.5514798164367676,0.01999999761581428,1.531479835510254,1.5304354429244995,0.0010443758964537864,0.48734843730926514,-2.5303125381469727
2.4,0.2499999850988388,1.5632214546203613,0.031249996274709813,1.5319714546203613,1.5304354429244995,0.0015360154211520038,0.48734843730926514,-2.5303125381469727
2.4,0.29999998211860657,1.577488899230957,0.04499999463558213,1.5324889421463013,1.5304354429244995,0.0020534616708753894,0.48734843730926514,-2.5303125381469727
2.4,0.3499999940395355,1.5942291021347046,0.06124999791383745,1.532979130744934,1.5304354429244995,0.0025436612963676275,0.48734843730926514,-2.5303125381469727
2.4,0.3999999761581421,1.6133846044540405,0.07999999046325712,1.5333845615386963,1.5304354429244995,0.0029491710662838955,0.48734843730926514,-2.5303125381469727
2.4,0.44999998807907104,1.6348992586135864,0.10124999463558204,1.533649206161499,1.5304354429244995,0.003213821053504873,0.48734843730926514,-2.5303125381469727
2.4,0.5,1.6587212085723877,0.125,1.5337212085723877,1.5304354429244995,0.0032857656478881836,0.48734843730926514,-2.5303125381469727
2.4,0.550000011920929,1.6848061084747314,0.151250006556511,1.5335561037063599,1.5304354429244995,0.0031206589937209372,0.48734843730926514,-2.5303125381469727
2.4,0.5999999642372131,1.7131173610687256,0.17999997854232852,1.533117413520813,1.5304354429244995,0.002681939601897554,0.48734843730926514,-2.5303125381469727
2.4,0.6499999761581421,1.7436275482177734,0.21124998450279264,1.5323776006698608,1.5304354429244995,0.0019421207904812832,0.48734843730926514,-2.5303125381469727
2.4,0.699999988079071,1.7763161659240723,0.2449999916553498,1.5313161611557007,1.5304354429244995,0.0008807313442229514,0.48734843730926514,-2.5303125381469727
2.4,0.75,1.8111697435379028,0.28125,1.5299197435379028,1.5304354429244995,0.0005156993865966797,0.48734843730926514,-2.5303125381469727
2.4,0.800000011920929,1.8481807708740234,0.32000000953674324,1.528180718421936,1.5304354429244995,0.0022546815872193093,0.48734843730926514,-2.5303125381469727
2.4,0.8499999642372131,1.8873450756072998,0.3612499696016318,1.5260951519012451,1.5304354429244995,0.004340336918831511,0.48734843730926514,-2.5303125381469727
2.4,0.8999999761581421,1.928663730621338,0.40499997854232817,1.5236637592315674,1.5304354429244995,0.006771690845489786,0.48734843730926514,-2.5303125381469727
2.4,0.949999988079071,1.9721404314041138,0.45124998867511756,1.520890474319458,1.5304354429244995,0.009545000195503306,0.48734843730926514,-2.5303125381469727
2.4,1.0,2.0177838802337646,0.5,1.5177838802337646,1.5304354429244995,0.012651562690734863,0.48734843730926514,-2.5303125381469727
2.4,1.0499999523162842,2.065605878829956,0.5512499499320995,1.5143558979034424,1.5304354429244995,0.016079514026642983,0.48734843730926514,-2.5303125381469727
2.4,1.100000023841858,2.11562180519104,0.605000026226044,1.5106217861175537,1.5304354429244995,0.019813663959503458,0.48734843730926514,-2.5303125381469727
2.4,1.149999976158142,2.1678519248962402,0.6612499725818637,1.5066019296646118,1.5304354429244995,0.023833490610122965,0.48734843730926514,-2.5303125381469727
2.4,1.2000000476837158,2.2223193645477295,0.7200000572204601,1.5023193359375,1.5304354429244995,0.02811613559723014,0.48734843730926514,-2.5303125381469727
2.4,1.25,2.279052257537842,0.78125,1.4978022575378418,1.5304354429244995,0.032633185386657715,0.48734843730926514,-2.5303125381469727
2.4,1.2999999523162842,2.338080406188965,0.8449999380111706,1.493080496788025,1.5304354429244995,0.03735497474670524,0.48734843730926514,-2.5303125381469727
2.4,1.350000023841858,2.39943790435791,0.9112500321865085,1.4881877899169922,1.5304354429244995,0.04224757075309782,0.48734843730926514,-2.5303125381469727
2.4,1.399999976158142,2.463158369064331,0.9799999666213992,1.4831583499908447,1.5304354429244995,0.04727704048156767,0.48734843730926514,-2.5303125381469727
2.4,1.4500000476837158,2.5292792320251465,1.051250069141389,1.4780291318893433,1.5304354429244995,0.052406280040742104,0.48734843730926514,-2.5303125381469727
2.4,1.5,2.597837448120117,1.125,1.4728374481201172,1.5304354429244995,0.057597994804382324,0.48734843730926514,-2.5303125381469727
2.8,-1.5,2.8107247352600098,1.125,1.6857247352600098,1.564266562461853,0.12145817279815674,0.4785395860671997,-4.292082786560059
2.8,-1.4500000476837158,2.7279510498046875,1.051250069141389,1.6767009496688843,1.564266562461853,0.1124344182014454,0.4785395860671997,-4.292082786560059
2.8,-1.399999976158142,2.6475212574005127,0.9799999666213992,1.6675212383270264,1.564266562461853,0.10325472831726046,0.4785395860671997,-4.292082786560059
2.8,-1.350000023841858,2.5695180892944336,0.9112500321865085,1.6582679748535156,1.564266562461853,0.0940014946460721,0.4785395860671997,-4.292082786560059
2.8,-1.2999999523162842,2.494028329849243,0.8449999380111706,1.6490284204483032,1.564266562461853,0.08476182937621957,0.4785395860671997,-4.292082786560059
2.8,-1.25,2.421149492263794,0.78125,1.639899492263794,1.564266562461853,0.07563292980194092,0.4785395860671997,-4.292082786560059
2.8,-1.2000000476837158,2.350978374481201,0.7200000572204601,1.6309783458709717,1.564266562461853,0.06671175479888802,0.4785395860671997,-4.292082786560059
2.8,-1.149999976158142,2.2836153507232666,0.6612499725818637,1.6223653554916382,1.564266562461853,0.05809881567954989,0.4785395860671997,-4.292082786560059
2.8,-1.100000023841858,2.2191553115844727,0.605000026226044,1.6141552925109863,1.564266562461853,0.049888722896575644,0.4785395860671997,-4.292082786560059
2.8,-1.0499999523162842,2.157688617706299,0.5512499499320995,1.6064386367797852,1.564266562461853,0.042172105312346275,0.4785395860671997,-4.292082786560059
2.8,-1.0,2.0992953777313232,0.5,1.5992953777313232,1.564266562461853,0.035028815269470215,0.4785395860671997,-4.292082786560059
2.8,-0.949999988079071,2.044041156768799,0.45124998867511756,1.592791199684143,1.564266562461853,0.028524605631828237,0.4785395860671997,-4.292082786560059
2.8,-0.8999999761581421,1.9919774532318115,0.40499997854232817,1.586977481842041,1.564266562461853,0.02271091222763033,0.4785395860671997,-4.292082786560059
2.8,-0.8499999642372131,1.9431370496749878,0.3612499696016318,1.5818870067596436,1.564266562461853,0.01762051761150296,0.4785395860671997,-4.292082786560059
2.8,-0.800000011920929,1.8975346088409424,0.32000000953674324,1.577534556388855,1.564266562461853,0.01326803684234612,0.4785395860671997,-4.292082786560059
2.8,-0.75,1.8551652431488037,0.28125,1.5739152431488037,1.564266562461853,0.009648680686950684,0.4785395860671997,-4.292082786560059
2.8,-0.699999988079071,1.8160051107406616,0.2449999916553498,1.57100510597229,1.564266562461853,0.006738556623458791,0.4785395860671997,-4.292082786560059
2.8,-0.6499999761581421,1.780011534690857,0.21124998450279264,1.5687615871429443,1.564266562461853,0.004494987726211264,0.4785395860671997,-4.292082786560059
2.8,-0.5999999642372131,1.7471238374710083,0.17999997854232852,1.5671238899230957,1.564266562461853,0.002857296466826753,0.4785395860671997,-4.292082786560059
2.8,-0.550000011920929,1.7172632217407227,0.151250006556511,1.566013216972351,1.564266562461853,0.0017466527223586326,0.4785395860671997,-4.292082786560059
2.8,-0.5,1.6903377771377563,0.125,1.5653377771377563,1.564266562461853,0.0010712146759033203,0.4785395860671997,-4.292082786560059
2.8,-0.44999998807907104,1.6662437915802002,0.10124999463558204,1.5649938583374023,1.564266562461853,0.0007272344827651267,0.4785395860671997,-4.292082786560059
2.8,-0.3999999761581421,1.644874095916748,0.07999999046325712,1.5648740530014038,1.564266562461853,0.0006075429916378994,0.4785395860671997,-4.292082786560059
2.8,-0.3499999940395355,1.6261255741119385,0.06124999791383745,1.564875602722168,1.564266562461853,0.0006090137362479986,0.4785395860671997,-4.292082786560059
2.8,-0.29999998211860657,1.6099086999893188,0.04499999463558213,1.564908742904663,1.564266562461853,0.0006421428918836902,0.4785395860671997,-4.292082786560059
2.8,-0.2499999850988388,1.5961582660675049,0.031249996274709813,1.5649082660675049,1.564266562461853,0.0006417073309420429,0.4785395860671997,-4.292082786560059
2.8,-0.19999998807907104,1.584839105606079,0.01999999761581428,1.5648391246795654,1.564266562461853,0.0005725455284117942,0.4785395860671997,-4.292082786560059
2.8,-0.1499999761581421,1.5759503841400146,0.011249996423721598,1.5647003650665283,1.564266562461853,0.0004338252544400234,0.4785395860671997,-4.292082786560059
2.8,-0.09999997913837433,1.5695219039916992,0.0049999979138376505,1.5645219087600708,1.564266562461853,0.00025534361600854094,0.4785395860671997,-4.292082786560059
2.8,-0.04999997839331627,1.5656063556671143,0.0012499989196660469,1.5643563270568848,1.564266562461853,8.97942855951836e-05,0.4785395860671997,-4.292082786560059
2.8,-2.2351741790771484e-08,1.564266562461853,2.498001805406602e-16,1.564266562461853,1.564266562461853,2.498001805406602e-16,0.4785395860671997,-4.292082786560059
2.8,0.04999997839331627,1.5655603408813477,0.0012499989196660469,1.5643103122711182,1.564266562461853,4.3779499828582036e-05,0.4785395860671997,-4.292082786560059
2.8,0.09999997913837433,1.5695269107818604,0.0049999979138376505,1.564526915550232,1.564266562461853,0.00026035040616967375,0.4785395860671997,-4.292082786560059
2.8,0.1499999761581421,1.5761767625808716,0.011249996423721598,1.5649267435073853,1.564266562461853,0.000660203695296957,0.4785395860671997,-4.292082786560059
2.8,0.19999998807907104,1.5854871273040771,0.01999999761581428,1.5654871463775635,1.564266562461853,0.001220567226409841,0.4785395860671997,-4.292082786560059
2.8,0.2499999850988388,1.5974035263061523,0.031249996274709813,1.5661535263061523,1.564266562461853,0.0018869675695895038,0.4785395860671997,-4.292082786560059
2.8,0.29999998211860657,1.6118450164794922,0.04499999463558213,1.5668450593948364,1.564266562461853,0.00257845938205703,0.4785395860671997,-4.292082786560059
2.8,0.3499999940395355,1.6287150382995605,0.06124999791383745,1.56746506690979,1.564266562461853,0.003198477923870069,0.4785395860671997,-4.292082786560059
2.8,0.3999999761581421,1.6479134559631348,0.07999999046325712,1.5679134130477905,1.564266562461853,0.003646903038024618,0.4785395860671997,-4.292082786560059
2.8,0.44999998807907104,1.669345498085022,0.10124999463558204,1.5680954456329346,1.564266562461853,0.003828940987586904,0.4785395860671997,-4.292082786560059
2.8,0.5,1.692931056022644,0.125,1.567931056022644,1.564266562461853,0.0036644935607910156,0.4785395860671997,-4.292082786560059
2.8,0.550000011920929,1.71860933303833,0.151250006556511,1.5673593282699585,1.564266562461853,0.0030927640199660544,0.4785395860671997,-4.292082786560059
2.8,0.5999999642372131,1.7463408708572388,0.17999997854232852,1.5663409233093262,1.564266562461853,0.002074329853057222,0.4785395860671997,-4.292082786560059
2.8,0.6499999761581421,1.776106834411621,0.21124998450279264,1.5648568868637085,1.564266562461853,0.0005902874469754238,0.4785395860671997,-4.292082786560059
2.8,0.699999988079071,1.8079067468643188,0.2449999916553498,1.5629067420959473,1.564266562461853,0.0013598072528839822,0.4785395860671997,-4.292082786560059
2.8,0.75,1.84175443649292,0.28125,1.56050443649292,1.564266562461853,0.0037621259689331055,0.4785395860671997,-4.292082786560059
2.8,0.800000011920929,1.8776750564575195,0.32000000953674324,1.5576750040054321,1.564266562461853,0.006591515541076731,0.4785395860671997,-4.292082786560059
2.8,0.8499999642372131,1.9157013893127441,0.3612499696016318,1.5544514656066895,1.564266562461853,0.00981514275074069,0.4785395860671997,-4.292082786560059
2.8,0.8999999761581421,1.955871343612671,0.40499997854232817,1.5508713722229004,1.564266562461853,0.013395197391510294,0.4785395860671997,-4.292082786560059
2.8,0.949999988079071,1.998225450515747,0.45124998867511756,1.5469754934310913,1.564266562461853,0.01729110062122352,0.4785395860671997,-4.292082786560059
2.8,1.0,2.0428061485290527,0.5,1.5428061485290527,1.564266562461853,0.021460413932800293,0.4785395860671997,-4.292082786560059
2.8,1.0499999523162842,2.089655637741089,0.5512499499320995,1.5384056568145752,1.564266562461853,0.025860874652863686,0.4785395860671997,-4.292082786560059
2.8,1.100000023841858,2.138817310333252,0.605000026226044,1.5338172912597656,1.564266562461853,0.03044927835464506,0.4785395860671997,-4.292082786560059
2.8,1.149999976158142,2.1903324127197266,0.6612499725818637,1.5290824174880981,1.564266562461853,0.03518412232399015,0.4785395860671997,-4.292082786560059
2.8,1.2000000476837158,2.244243621826172,0.7200000572204601,1.5242435932159424,1.564266562461853,0.040022997856141274,0.4785395860671997,-4.292082786560059
2.8,1.25,2.3005897998809814,0.78125,1.5193397998809814,1.564266562461853,0.04492676258087158,0.4785395860671997,-4.292082786560059
2.8,1.2999999523162842,2.359410524368286,0.8449999380111706,1.5144106149673462,1.564266562461853,0.049855976104737465,0.4785395860671997,-4.292082786560059
2.8,1.350000023841858,2.4207427501678467,0.9112500321865085,1.5094926357269287,1.564266562461853,0.05477384448051481,0.4785395860671997,-4.292082786560059
2.8,1.399999976158142,2.4846208095550537,0.9799999666213992,1.5046207904815674,1.564266562461853,0.059645719528198526,0.4785395860671997,-4.292082786560059
2.8,1.4500000476837158,2.551079511642456,1.051250069141389,1.4998294115066528,1.564266562461853,0.06443711996078605,0.4785395860671997,-4.292082786560059
2.8,1.5,2.620147705078125,1.125,1.495147705078125,1.564266562461853,0.06911885738372803,0.4785395860671997,-4.292082786560059
