cfl,region,head,faces,moving_faces,attention_entropy,left_right_asymmetry,upwind_bias,center_mass,far_mass,absolute_center_of_mass,upwind_center_of_mass
0.4,shock,0,1913,1913,1.6705254316329956,0.3295651376247406,0.3257386386394501,0.37018194794654846,0.6298180818557739,0.6043654680252075,0.5977386832237244
0.4,shock,1,1913,1913,1.4483457803726196,0.2811780869960785,0.2703714966773987,0.6335539817810059,0.36644598841667175,0.31414929032325745,0.3064253032207489
0.4,shock,2,1913,1913,1.706534743309021,0.19517293572425842,0.1928900182247162,0.45381128787994385,0.5461887121200562,0.3079114854335785,0.3032025396823883
0.4,shock,3,1913,1913,1.4816612005233765,0.22216825187206268,0.1920931041240692,0.6112905144691467,0.3887094557285309,0.2676286995410919,0.232600599527359
0.4,shock,mean,1913,1913,1.576766848564148,0.25702109932899475,0.24527333676815033,0.5172094702720642,0.4827905297279358,0.37351372838020325,0.35999178886413574
0.4,smooth,0,61869,27670,1.71797513961792,0.2269008457660675,0.4103313684463501,0.3706127405166626,0.6293871998786926,0.4196954667568207,0.7564280033111572
0.4,smooth,1,61869,27670,1.5486996173858643,0.20637430250644684,0.36732620000839233,0.6109987497329712,0.3890012204647064,0.25590869784355164,0.4300200343132019
0.4,smooth,2,61869,27670,1.7421787977218628,0.1257631927728653,0.252051442861557,0.4307498335838318,0.5692501664161682,0.20807503163814545,0.41372784972190857
0.4,smooth,3,61869,27670,1.60556960105896,0.20532844960689545,0.25885194540023804,0.5629845261573792,0.43701544404029846,0.2911425530910492,0.3317328691482544
0.4,smooth,mean,61869,27670,1.6536058187484741,0.19109170138835907,0.32214024662971497,0.49383649230003357,0.5061635375022888,0.29370543360710144,0.4829772114753723
0.8,shock,0,1913,1913,1.6557304859161377,0.36114317178726196,0.35781991481781006,0.37309783697128296,0.6269021034240723,0.6430773735046387,0.6373953819274902
0.8,shock,1,1913,1913,1.3988510370254517,0.3909941017627716,0.3875111937522888,0.6200317740440369,0.37996816635131836,0.42905113101005554,0.4255616366863251
0.8,shock,2,1913,1913,1.6898502111434937,0.2533055543899536,0.2516126036643982,0.44800278544425964,0.5519971251487732,0.38536107540130615,0.38180434703826904
0.8,shock,3,1913,1913,1.4341682195663452,0.306306391954422,0.2953272759914398,0.6151054501533508,0.3848945200443268,0.3459998667240143,0.3254673182964325
0.8,shock,mean,1913,1913,1.5446499586105347,0.3279373049736023,0.3230677545070648,0.5140594840049744,0.48594048619270325,0.45087236166000366,0.4425571858882904
0.8,smooth,0,61869,27670,1.704702377319336,0.24043123424053192,0.4516265094280243,0.3755261301994324,0.6244738698005676,0.4359922707080841,0.81489497423172
0.8,smooth,1,61869,27670,1.521696925163269,0.26456397771835327,0.5144356489181519,0.5935834646224976,0.4064166247844696,0.33037757873535156,0.6240041851997375
0.8,smooth,2,61869,27670,1.7287933826446533,0.16091234982013702,0.3283906579017639,0.4263697564601898,0.5736302137374878,0.26164525747299194,0.5296448469161987
0.8,smooth,3,61869,27670,1.5776196718215942,0.251492440700531,0.3882654309272766,0.5648930668830872,0.43510690331459045,0.3366992771625519,0.47956058382987976
0.8,smooth,mean,61869,27670,1.633203148841858,0.2293499857187271,0.42067956924438477,0.4900931119918823,0.5099068880081177,0.3411785960197449,0.6120261549949646
1.2,shock,0,1913,1913,1.6373950242996216,0.3947571814060211,0.39160454273223877,0.36971303820610046,0.6302869319915771,0.69199138879776,0.6867206692695618
1.2,shock,1,1913,1913,1.3683862686157227,0.4738043546676636,0.47159966826438904,0.5813117027282715,0.41868820786476135,0.5484963059425354,0.5462024211883545
1.2,shock,2,1913,1913,1.6717815399169922,0.3052648603916168,0.30386120080947876,0.4335470497608185,0.5664528608322144,0.466554194688797,0.4635920822620392
1.2,shock,3,1913,1913,1.400913953781128,0.3811257779598236,0.3739735782146454,0.5983867645263672,0.4016132354736328,0.4343337118625641,0.41861048340797424
1.2,shock,mean,1913,1913,1.519619107246399,0.3887380361557007,0.385259747505188,0.4957396388053894,0.5042603015899658,0.5353438854217529,0.5287814140319824
1.2,smooth,0,61869,27670,1.6874709129333496,0.25442951917648315,0.49349266290664673,0.376079261302948,0.623920738697052,0.4592646658420563,0.8876770734786987
1.2,smooth,1,61869,27670,1.4881789684295654,0.30270621180534363,0.6123256683349609,0.5573393702507019,0.4426605999469757,0.41362807154655457,0.8312934041023254
1.2,smooth,2,61869,27670,1.712184190750122,0.19093552231788635,0.39323827624320984,0.4169428050518036,0.583057165145874,0.31668582558631897,0.648928165435791
1.2,smooth,3,61869,27670,1.5509225130081177,0.2872985601425171,0.4837439954280853,0.5483235120773315,0.45167648792266846,0.39749568700790405,0.6456910967826843
1.2,smooth,mean,61869,27670,1.6096891164779663,0.25884243845939636,0.4957001507282257,0.47467124462127686,0.5253287553787231,0.3967685401439667,0.7533974647521973
1.6,shock,0,1913,1913,1.6148576736450195,0.4292405843734741,0.426047682762146,0.36125287413597107,0.6387470364570618,0.7490420937538147,0.7439030408859253
1.6,shock,1,1913,1913,1.3344236612319946,0.53797847032547,0.5360405445098877,0.5284410119056702,0.47155892848968506,0.6701603531837463,0.6684494018554688
1.6,shock,2,1913,1913,1.6499042510986328,0.3523913323879242,0.3511923849582672,0.41414377093315125,0.5858562588691711,0.5494561195373535,0.5468923449516296
1.6,shock,3,1913,1913,1.372045636177063,0.4460464417934418,0.4387313723564148,0.56512451171875,0.43487548828125,0.5320440530776978,0.5179885029792786
1.6,shock,mean,1913,1913,1.4928077459335327,0.4414142072200775,0.4380030035972595,0.4672405421733856,0.5327593684196472,0.6251757144927979,0.6193082928657532
1.6,smooth,0,61869,27670,1.6666244268417358,0.2679896950721741,0.5333582162857056,0.37432798743247986,0.6256720423698425,0.4877263903617859,0.969959557056427
1.6,smooth,1,61869,27670,1.4475703239440918,0.3290517330169678,0.6806254386901855,0.5272600054740906,0.47273996472358704,0.4895133674144745,1.016767144203186
1.6,smooth,2,61869,27670,1.692350149154663,0.21631303429603577,0.4477083086967468,0.40645748376846313,0.5935424566268921,0.37054985761642456,0.7656933069229126
1.6,smooth,3,61869,27670,1.513507604598999,0.3159368336200714,0.5597487688064575,0.5286827087402344,0.4713172912597656,0.461102157831192,0.8114979267120361
1.6,smooth,mean,61869,27670,1.5800130367279053,0.28232282400131226,0.5553601980209351,0.4591820538043976,0.5408179759979248,0.45222294330596924,0.8909794688224792
2.4,shock,0,1913,1913,1.5593360662460327,0.4951779842376709,0.491499662399292,0.3367595672607422,0.6632403135299683,0.8791854381561279,0.8736609816551208
2.4,shock,1,1913,1913,1.2661042213439941,0.6261154413223267,0.6238369345664978,0.43278589844703674,0.5672140717506409,0.9023962020874023,0.9011290669441223
2.4,shock,2,1913,1913,1.5989630222320557,0.43076562881469727,0.4297909736633301,0.37318992614746094,0.6268100142478943,0.7128437757492065,0.7108079195022583
2.4,shock,3,1913,1913,1.3166232109069824,0.5439305305480957,0.5337361693382263,0.48860111832618713,0.5113988518714905,0.7323963046073914,0.7179479002952576
2.4,shock,mean,1913,1913,1.4352566003799438,0.52399742603302,0.5197159647941589,0.40783408284187317,0.5921658873558044,0.8067054748535156,0.8008865118026733
2.4,smooth,0,61869,27670,1.6160261631011963,0.2913092374801636,0.6008815169334412,0.37104249000549316,0.6289575099945068,0.5539506077766418,1.1480242013931274
2.4,smooth,1,61869,27670,1.3495371341705322,0.36398959159851074,0.7676630020141602,0.4924672842025757,0.5075327157974243,0.6421449780464172,1.3748974800109863
2.4,smooth,2,61869,27670,1.6457545757293701,0.2538284659385681,0.5270883440971375,0.3907129764556885,0.6092869639396667,0.46965205669403076,0.9802117943763733
2.4,smooth,3,61869,27670,1.4295932054519653,0.3555176854133606,0.6674442887306213,0.5040806531906128,0.4959193468093872,0.5947501063346863,1.1473039388656616
2.4,smooth,mean,61869,27670,1.5102277994155884,0.31616121530532837,0.640769362449646,0.43957582116127014,0.5604241490364075,0.56512451171875,1.162609338760376
2.8,shock,0,1913,1913,1.5272101163864136,0.5251808166503906,0.521050214767456,0.323231965303421,0.6767680048942566,0.9482441544532776,0.9421554207801819
2.8,shock,1,1913,1913,1.2223238945007324,0.656042218208313,0.6527157425880432,0.39410650730133057,0.6058934330940247,1.0134861469268799,1.0112645626068115
2.8,shock,2,1913,1913,1.5695314407348633,0.46278494596481323,0.46184447407722473,0.35414016246795654,0.6458597779273987,0.7910376787185669,0.7891647219657898
2.8,shock,3,1913,1913,1.2821508646011353,0.5788419842720032,0.5667615532875061,0.45298320055007935,0.5470167994499207,0.834159791469574,0.8185571432113647
2.8,shock,mean,1913,1913,1.4003040790557861,0.5557124614715576,0.5505930185317993,0.3811154365539551,0.6188844442367554,0.8967319130897522,0.8902854919433594
2.8,smooth,0,61869,27670,1.5921049118041992,0.3005143702030182,0.6272627115249634,0.37122318148612976,0.6287767887115479,0.5816552639007568,1.221306562423706
2.8,smooth,1,61869,27670,1.3019226789474487,0.3767761290073395,0.7962210774421692,0.48285868763923645,0.5171412825584412,0.6949988603591919,1.4950754642486572
2.8,smooth,2,61869,27670,1.624515175819397,0.2669205069541931,0.5541598796844482,0.38639548420906067,0.6136044263839722,0.5064472556114197,1.0590579509735107
2.8,smooth,3,61869,27670,1.3843079805374146,0.36894941329956055,0.7051931619644165,0.4978795647621155,0.5021204352378845,0.6445721983909607,1.273340106010437
2.8,smooth,mean,61869,27670,1.475712776184082,0.32829010486602783,0.6707091927528381,0.4345892369747162,0.5654107332229614,0.6069183945655823,1.2621949911117554
