nx,cfl,steps,time,expected_position,measured_position,signed_position_error,absolute_position_error_cells,measured_speed,mass_error,finite
128,0.4,8,0.025,0.7625,0.7629528641700745,0.00045287609100341797,0.0579681396484375,0.5181145668029785,0.0,True
128,0.4,16,0.05,0.775,0.7745017409324646,-0.0004982650279998779,0.06377792358398438,0.490034818649292,3.814697265625e-06,True
128,0.4,40,0.125,0.8125,0.8120210766792297,-0.00047892332077026367,0.06130218505859375,0.4961686134338379,0.0,True
128,1.6,2,0.025,0.7625,0.76171875,-0.0007812380790710449,0.09999847412109375,0.46875,0.0,True
128,1.6,4,0.05,0.775,0.7744449973106384,-0.0005550086498260498,0.07104110717773438,0.48889994621276855,0.0,True
128,1.6,10,0.125,0.8125,0.8128243684768677,0.0003243684768676758,0.0415191650390625,0.5025949478149414,0.0,True
256,0.4,16,0.025,0.7625,0.7622509002685547,-0.0002490878105163574,0.0637664794921875,0.4900360107421875,0.0,True
256,0.4,32,0.05,0.775,0.7745066285133362,-0.0004933774471282959,0.12630462646484375,0.49013257026672363,0.0,True
256,0.4,80,0.125,0.8125,0.8118699193000793,-0.0006300806999206543,0.1613006591796875,0.49495935440063477,0.0,True
256,1.6,4,0.025,0.7625,0.7622224688529968,-0.00027751922607421875,0.071044921875,0.48889875411987305,0.0,True
256,1.6,8,0.05,0.775,0.7746284604072571,-0.00037154555320739746,0.09511566162109375,0.4925692081451416,0.0,True
256,1.6,20,0.125,0.8125,0.812699556350708,0.0001995563507080078,0.05108642578125,0.5015964508056641,0.0,True
512,0.4,32,0.025,0.7625,0.7622533440589905,-0.0002466440200805664,0.12628173828125,0.49013376235961914,0.0,True
512,0.4,64,0.05,0.775,0.7747965455055237,-0.0002034604549407959,0.1041717529296875,0.49593091011047363,1.52587890625e-05,True
512,0.4,160,0.125,0.8125,0.8115806579589844,-0.000919342041015625,0.470703125,0.492645263671875,3.0517578125e-05,True
512,1.6,8,0.025,0.7625,0.7623142600059509,-0.0001857280731201172,0.0950927734375,0.4925704002380371,0.0,True
512,1.6,16,0.05,0.775,0.7752842307090759,0.0002842545509338379,0.145538330078125,0.5056846141815186,0.0,True
512,1.6,40,0.125,0.8125,0.8126251697540283,0.0001251697540283203,0.0640869140625,0.5010013580322266,0.0,True
