seed,cfl,horizon_multiplier,coarse_grid,fine_grid,coarse_l2,fine_l2,observed_l2_order
2027,0.4,1,128,256,0.0030405276920646,0.0030369388405233,0.0017038741045100577
2027,0.4,1,256,512,0.0030369388405233,0.0030313092283904,0.0026768239347048977
2027,0.4,2,128,256,0.0063804457895457,0.0064069512300193,-0.0059807828338067776
2027,0.4,2,256,512,0.0064069512300193,0.0064303176477551,-0.005251997530172234
2027,1.6,1,128,256,0.0011031666072085,0.0008065812289714,0.4517589559625216
2027,1.6,1,256,512,0.0008065812289714,0.0007416299195028,0.12112038361066055
2027,1.6,2,128,256,0.0020809860434383,0.001627285266295,0.35480010892664693
2027,1.6,2,256,512,0.001627285266295,0.0015088211512193,0.10904537494132574
2028,0.4,1,128,256,0.0022678400855511,0.0022185302805155,0.03171466918138956
2028,0.4,1,256,512,0.0022185302805155,0.0022047623060643,0.00898111631631221
2028,0.4,2,128,256,0.0047073112800717,0.0046536214649677,0.016549393416495726
2028,0.4,2,256,512,0.0046536214649677,0.0046667787246406,-0.004073199756370195
2028,1.6,1,128,256,0.0013902968494221,0.0009665415855124,0.524489242138667
2028,1.6,1,256,512,0.0009665415855124,0.000830904697068,0.2181487932639921
2028,1.6,2,128,256,0.0030276649631559,0.0022034652065485,0.4584314515373969
2028,1.6,2,256,512,0.0022034652065485,0.0018300131196156,0.267920124733246
2029,0.4,1,128,256,0.0030476010870188,0.0030298538040369,0.008425892214908314
2029,0.4,1,256,512,0.0030298538040369,0.0030232854187488,0.003130997075196313
2029,0.4,2,128,256,0.0063921827822923,0.0064081000164151,-0.0035880030044788845
2029,0.4,2,256,512,0.0064081000164151,0.0064386269077658,-0.006856388855817959
2029,1.6,1,128,256,0.0015348978340625,0.0010053605074062,0.6104297067798257
2029,1.6,1,256,512,0.0010053605074062,0.0008182835881598,0.29704010124955893
2029,1.6,2,128,256,0.0034631197340786,0.0023491634055972,0.5599251988587463
2029,1.6,2,256,512,0.0023491634055972,0.0018334672786295,0.3575725504406102
